gmake -C ./src/backend generated-headers
gmake[1]: Entering directory '/home/kaushal/Documents/dbis_project/CS349-temporal-index-join/src/backend'
gmake -C ../include/catalog generated-headers
gmake[2]: Entering directory '/home/kaushal/Documents/dbis_project/CS349-temporal-index-join/src/include/catalog'
gmake[2]: Nothing to be done for 'generated-headers'.
gmake[2]: Leaving directory '/home/kaushal/Documents/dbis_project/CS349-temporal-index-join/src/include/catalog'
gmake -C nodes generated-header-symlinks
gmake[2]: Entering directory '/home/kaushal/Documents/dbis_project/CS349-temporal-index-join/src/backend/nodes'
gmake[2]: Nothing to be done for 'generated-header-symlinks'.
gmake[2]: Leaving directory '/home/kaushal/Documents/dbis_project/CS349-temporal-index-join/src/backend/nodes'
gmake -C utils generated-header-symlinks
gmake[2]: Entering directory '/home/kaushal/Documents/dbis_project/CS349-temporal-index-join/src/backend/utils'
gmake -C adt jsonpath_gram.h
gmake[3]: Entering directory '/home/kaushal/Documents/dbis_project/CS349-temporal-index-join/src/backend/utils/adt'
gmake[3]: 'jsonpath_gram.h' is up to date.
gmake[3]: Leaving directory '/home/kaushal/Documents/dbis_project/CS349-temporal-index-join/src/backend/utils/adt'
gmake[2]: Leaving directory '/home/kaushal/Documents/dbis_project/CS349-temporal-index-join/src/backend/utils'
gmake[1]: Leaving directory '/home/kaushal/Documents/dbis_project/CS349-temporal-index-join/src/backend'
gmake -C src install
gmake[1]: Entering directory '/home/kaushal/Documents/dbis_project/CS349-temporal-index-join/src'
gmake -C common install
gmake[2]: Entering directory '/home/kaushal/Documents/dbis_project/CS349-temporal-index-join/src/common'
/usr/bin/mkdir -p '/home/kaushal/Documents/dbis_project/CS349-temporal-index-join/install/lib'
/usr/bin/install -c -m 644  libpgcommon.a '/home/kaushal/Documents/dbis_project/CS349-temporal-index-join/install/lib/libpgcommon.a'
/usr/bin/install -c -m 644  libpgcommon_shlib.a '/home/kaushal/Documents/dbis_project/CS349-temporal-index-join/install/lib/libpgcommon_shlib.a'
gmake[2]: Leaving directory '/home/kaushal/Documents/dbis_project/CS349-temporal-index-join/src/common'
gmake -C port install
gmake[2]: Entering directory '/home/kaushal/Documents/dbis_project/CS349-temporal-index-join/src/port'
/usr/bin/mkdir -p '/home/kaushal/Documents/dbis_project/CS349-temporal-index-join/install/lib'
/usr/bin/install -c -m 644  libpgport.a '/home/kaushal/Documents/dbis_project/CS349-temporal-index-join/install/lib/libpgport.a'
/usr/bin/install -c -m 644  libpgport_shlib.a '/home/kaushal/Documents/dbis_project/CS349-temporal-index-join/install/lib/libpgport_shlib.a'
gmake[2]: Leaving directory '/home/kaushal/Documents/dbis_project/CS349-temporal-index-join/src/port'
gmake -C timezone install
gmake[2]: Entering directory '/home/kaushal/Documents/dbis_project/CS349-temporal-index-join/src/timezone'
gmake -C ../../src/port all
gmake[3]: Entering directory '/home/kaushal/Documents/dbis_project/CS349-temporal-index-join/src/port'
gmake[3]: Nothing to be done for 'all'.
gmake[3]: Leaving directory '/home/kaushal/Documents/dbis_project/CS349-temporal-index-join/src/port'
gmake -C ../../src/common all
gmake[3]: Entering directory '/home/kaushal/Documents/dbis_project/CS349-temporal-index-join/src/common'
gmake[3]: Nothing to be done for 'all'.
gmake[3]: Leaving directory '/home/kaushal/Documents/dbis_project/CS349-temporal-index-join/src/common'
/usr/bin/mkdir -p '/home/kaushal/Documents/dbis_project/CS349-temporal-index-join/install/share/postgresql'
./zic -d '/home/kaushal/Documents/dbis_project/CS349-temporal-index-join/install/share/postgresql/timezone'  ./data/tzdata.zi
gmake -C tznames install
gmake[3]: Entering directory '/home/kaushal/Documents/dbis_project/CS349-temporal-index-join/src/timezone/tznames'
/usr/bin/mkdir -p '/home/kaushal/Documents/dbis_project/CS349-temporal-index-join/install/share/postgresql/timezonesets'
/usr/bin/install -c -m 644 ./Africa.txt ./America.txt ./Antarctica.txt ./Asia.txt ./Atlantic.txt ./Australia.txt ./Etc.txt ./Europe.txt ./Indian.txt ./Pacific.txt '/home/kaushal/Documents/dbis_project/CS349-temporal-index-join/install/share/postgresql/timezonesets'
/usr/bin/install -c -m 644 ./Default ./Australia ./India '/home/kaushal/Documents/dbis_project/CS349-temporal-index-join/install/share/postgresql/timezonesets'
gmake[3]: Leaving directory '/home/kaushal/Documents/dbis_project/CS349-temporal-index-join/src/timezone/tznames'
gmake[2]: Leaving directory '/home/kaushal/Documents/dbis_project/CS349-temporal-index-join/src/timezone'
gmake -C backend install
gmake[2]: Entering directory '/home/kaushal/Documents/dbis_project/CS349-temporal-index-join/src/backend'
gmake -C ../../src/port all
gmake[3]: Entering directory '/home/kaushal/Documents/dbis_project/CS349-temporal-index-join/src/port'
gmake[3]: Nothing to be done for 'all'.
gmake[3]: Leaving directory '/home/kaushal/Documents/dbis_project/CS349-temporal-index-join/src/port'
gmake -C ../../src/common all
gmake[3]: Entering directory '/home/kaushal/Documents/dbis_project/CS349-temporal-index-join/src/common'
gmake[3]: Nothing to be done for 'all'.
gmake[3]: Leaving directory '/home/kaushal/Documents/dbis_project/CS349-temporal-index-join/src/common'
gmake -C ../include/catalog generated-headers
gmake[3]: Entering directory '/home/kaushal/Documents/dbis_project/CS349-temporal-index-join/src/include/catalog'
gmake[3]: Nothing to be done for 'generated-headers'.
gmake[3]: Leaving directory '/home/kaushal/Documents/dbis_project/CS349-temporal-index-join/src/include/catalog'
gmake -C utils generated-header-symlinks
gmake[3]: Entering directory '/home/kaushal/Documents/dbis_project/CS349-temporal-index-join/src/backend/utils'
gmake -C adt jsonpath_gram.h
gmake[4]: Entering directory '/home/kaushal/Documents/dbis_project/CS349-temporal-index-join/src/backend/utils/adt'
gmake[4]: 'jsonpath_gram.h' is up to date.
gmake[4]: Leaving directory '/home/kaushal/Documents/dbis_project/CS349-temporal-index-join/src/backend/utils/adt'
gmake[3]: Leaving directory '/home/kaushal/Documents/dbis_project/CS349-temporal-index-join/src/backend/utils'
gmake -C access all
gmake[3]: Entering directory '/home/kaushal/Documents/dbis_project/CS349-temporal-index-join/src/backend/access'
gmake -C brin all
gmake[4]: Entering directory '/home/kaushal/Documents/dbis_project/CS349-temporal-index-join/src/backend/access/brin'
gmake[4]: Nothing to be done for 'all'.
gmake[4]: Leaving directory '/home/kaushal/Documents/dbis_project/CS349-temporal-index-join/src/backend/access/brin'
gmake -C common all
gmake[4]: Entering directory '/home/kaushal/Documents/dbis_project/CS349-temporal-index-join/src/backend/access/common'
gmake[4]: Nothing to be done for 'all'.
gmake[4]: Leaving directory '/home/kaushal/Documents/dbis_project/CS349-temporal-index-join/src/backend/access/common'
gmake -C gin all
gmake[4]: Entering directory '/home/kaushal/Documents/dbis_project/CS349-temporal-index-join/src/backend/access/gin'
gmake[4]: Nothing to be done for 'all'.
gmake[4]: Leaving directory '/home/kaushal/Documents/dbis_project/CS349-temporal-index-join/src/backend/access/gin'
gmake -C gist all
gmake[4]: Entering directory '/home/kaushal/Documents/dbis_project/CS349-temporal-index-join/src/backend/access/gist'
gmake[4]: Nothing to be done for 'all'.
gmake[4]: Leaving directory '/home/kaushal/Documents/dbis_project/CS349-temporal-index-join/src/backend/access/gist'
gmake -C hash all
gmake[4]: Entering directory '/home/kaushal/Documents/dbis_project/CS349-temporal-index-join/src/backend/access/hash'
gmake[4]: Nothing to be done for 'all'.
gmake[4]: Leaving directory '/home/kaushal/Documents/dbis_project/CS349-temporal-index-join/src/backend/access/hash'
gmake -C heap all
gmake[4]: Entering directory '/home/kaushal/Documents/dbis_project/CS349-temporal-index-join/src/backend/access/heap'
gmake[4]: Nothing to be done for 'all'.
gmake[4]: Leaving directory '/home/kaushal/Documents/dbis_project/CS349-temporal-index-join/src/backend/access/heap'
gmake -C index all
gmake[4]: Entering directory '/home/kaushal/Documents/dbis_project/CS349-temporal-index-join/src/backend/access/index'
gmake[4]: Nothing to be done for 'all'.
gmake[4]: Leaving directory '/home/kaushal/Documents/dbis_project/CS349-temporal-index-join/src/backend/access/index'
gmake -C nbtree all
gmake[4]: Entering directory '/home/kaushal/Documents/dbis_project/CS349-temporal-index-join/src/backend/access/nbtree'
gmake[4]: Nothing to be done for 'all'.
gmake[4]: Leaving directory '/home/kaushal/Documents/dbis_project/CS349-temporal-index-join/src/backend/access/nbtree'
gmake -C rmgrdesc all
gmake[4]: Entering directory '/home/kaushal/Documents/dbis_project/CS349-temporal-index-join/src/backend/access/rmgrdesc'
gmake[4]: Nothing to be done for 'all'.
gmake[4]: Leaving directory '/home/kaushal/Documents/dbis_project/CS349-temporal-index-join/src/backend/access/rmgrdesc'
gmake -C spgist all
gmake[4]: Entering directory '/home/kaushal/Documents/dbis_project/CS349-temporal-index-join/src/backend/access/spgist'
gmake[4]: Nothing to be done for 'all'.
gmake[4]: Leaving directory '/home/kaushal/Documents/dbis_project/CS349-temporal-index-join/src/backend/access/spgist'
gmake -C sequence all
gmake[4]: Entering directory '/home/kaushal/Documents/dbis_project/CS349-temporal-index-join/src/backend/access/sequence'
gmake[4]: Nothing to be done for 'all'.
gmake[4]: Leaving directory '/home/kaushal/Documents/dbis_project/CS349-temporal-index-join/src/backend/access/sequence'
gmake -C table all
gmake[4]: Entering directory '/home/kaushal/Documents/dbis_project/CS349-temporal-index-join/src/backend/access/table'
gmake[4]: Nothing to be done for 'all'.
gmake[4]: Leaving directory '/home/kaushal/Documents/dbis_project/CS349-temporal-index-join/src/backend/access/table'
gmake -C tablesample all
gmake[4]: Entering directory '/home/kaushal/Documents/dbis_project/CS349-temporal-index-join/src/backend/access/tablesample'
gmake[4]: Nothing to be done for 'all'.
gmake[4]: Leaving directory '/home/kaushal/Documents/dbis_project/CS349-temporal-index-join/src/backend/access/tablesample'
gmake -C transam all
gmake[4]: Entering directory '/home/kaushal/Documents/dbis_project/CS349-temporal-index-join/src/backend/access/transam'
gmake[4]: Nothing to be done for 'all'.
gmake[4]: Leaving directory '/home/kaushal/Documents/dbis_project/CS349-temporal-index-join/src/backend/access/transam'
gmake[3]: Leaving directory '/home/kaushal/Documents/dbis_project/CS349-temporal-index-join/src/backend/access'
gmake -C archive all
gmake[3]: Entering directory '/home/kaushal/Documents/dbis_project/CS349-temporal-index-join/src/backend/archive'
gmake[3]: Nothing to be done for 'all'.
gmake[3]: Leaving directory '/home/kaushal/Documents/dbis_project/CS349-temporal-index-join/src/backend/archive'
gmake -C backup all
gmake[3]: Entering directory '/home/kaushal/Documents/dbis_project/CS349-temporal-index-join/src/backend/backup'
gmake[3]: Nothing to be done for 'all'.
gmake[3]: Leaving directory '/home/kaushal/Documents/dbis_project/CS349-temporal-index-join/src/backend/backup'
gmake -C bootstrap all
gmake[3]: Entering directory '/home/kaushal/Documents/dbis_project/CS349-temporal-index-join/src/backend/bootstrap'
gmake[3]: Nothing to be done for 'all'.
gmake[3]: Leaving directory '/home/kaushal/Documents/dbis_project/CS349-temporal-index-join/src/backend/bootstrap'
gmake -C catalog all
gmake[3]: Entering directory '/home/kaushal/Documents/dbis_project/CS349-temporal-index-join/src/backend/catalog'
gmake[3]: Nothing to be done for 'all'.
gmake[3]: Leaving directory '/home/kaushal/Documents/dbis_project/CS349-temporal-index-join/src/backend/catalog'
gmake -C parser all
gmake[3]: Entering directory '/home/kaushal/Documents/dbis_project/CS349-temporal-index-join/src/backend/parser'
gmake[3]: Nothing to be done for 'all'.
gmake[3]: Leaving directory '/home/kaushal/Documents/dbis_project/CS349-temporal-index-join/src/backend/parser'
gmake -C commands all
gmake[3]: Entering directory '/home/kaushal/Documents/dbis_project/CS349-temporal-index-join/src/backend/commands'
gmake[3]: Nothing to be done for 'all'.
gmake[3]: Leaving directory '/home/kaushal/Documents/dbis_project/CS349-temporal-index-join/src/backend/commands'
gmake -C executor all
gmake[3]: Entering directory '/home/kaushal/Documents/dbis_project/CS349-temporal-index-join/src/backend/executor'
gmake[3]: Nothing to be done for 'all'.
gmake[3]: Leaving directory '/home/kaushal/Documents/dbis_project/CS349-temporal-index-join/src/backend/executor'
gmake -C foreign all
gmake[3]: Entering directory '/home/kaushal/Documents/dbis_project/CS349-temporal-index-join/src/backend/foreign'
gmake[3]: Nothing to be done for 'all'.
gmake[3]: Leaving directory '/home/kaushal/Documents/dbis_project/CS349-temporal-index-join/src/backend/foreign'
gmake -C lib all
gmake[3]: Entering directory '/home/kaushal/Documents/dbis_project/CS349-temporal-index-join/src/backend/lib'
gmake[3]: Nothing to be done for 'all'.
gmake[3]: Leaving directory '/home/kaushal/Documents/dbis_project/CS349-temporal-index-join/src/backend/lib'
gmake -C libpq all
gmake[3]: Entering directory '/home/kaushal/Documents/dbis_project/CS349-temporal-index-join/src/backend/libpq'
gmake[3]: Nothing to be done for 'all'.
gmake[3]: Leaving directory '/home/kaushal/Documents/dbis_project/CS349-temporal-index-join/src/backend/libpq'
gmake -C main all
gmake[3]: Entering directory '/home/kaushal/Documents/dbis_project/CS349-temporal-index-join/src/backend/main'
gmake[3]: Nothing to be done for 'all'.
gmake[3]: Leaving directory '/home/kaushal/Documents/dbis_project/CS349-temporal-index-join/src/backend/main'
gmake -C nodes all
gmake[3]: Entering directory '/home/kaushal/Documents/dbis_project/CS349-temporal-index-join/src/backend/nodes'
gmake[3]: Nothing to be done for 'all'.
gmake[3]: Leaving directory '/home/kaushal/Documents/dbis_project/CS349-temporal-index-join/src/backend/nodes'
gmake -C optimizer all
gmake[3]: Entering directory '/home/kaushal/Documents/dbis_project/CS349-temporal-index-join/src/backend/optimizer'
gmake -C geqo all
gmake[4]: Entering directory '/home/kaushal/Documents/dbis_project/CS349-temporal-index-join/src/backend/optimizer/geqo'
gmake[4]: Nothing to be done for 'all'.
gmake[4]: Leaving directory '/home/kaushal/Documents/dbis_project/CS349-temporal-index-join/src/backend/optimizer/geqo'
gmake -C path all
gmake[4]: Entering directory '/home/kaushal/Documents/dbis_project/CS349-temporal-index-join/src/backend/optimizer/path'
gmake[4]: Nothing to be done for 'all'.
gmake[4]: Leaving directory '/home/kaushal/Documents/dbis_project/CS349-temporal-index-join/src/backend/optimizer/path'
gmake -C plan all
gmake[4]: Entering directory '/home/kaushal/Documents/dbis_project/CS349-temporal-index-join/src/backend/optimizer/plan'
gmake[4]: Nothing to be done for 'all'.
gmake[4]: Leaving directory '/home/kaushal/Documents/dbis_project/CS349-temporal-index-join/src/backend/optimizer/plan'
gmake -C prep all
gmake[4]: Entering directory '/home/kaushal/Documents/dbis_project/CS349-temporal-index-join/src/backend/optimizer/prep'
gmake[4]: Nothing to be done for 'all'.
gmake[4]: Leaving directory '/home/kaushal/Documents/dbis_project/CS349-temporal-index-join/src/backend/optimizer/prep'
gmake -C util all
gmake[4]: Entering directory '/home/kaushal/Documents/dbis_project/CS349-temporal-index-join/src/backend/optimizer/util'
gmake[4]: Nothing to be done for 'all'.
gmake[4]: Leaving directory '/home/kaushal/Documents/dbis_project/CS349-temporal-index-join/src/backend/optimizer/util'
gmake[3]: Leaving directory '/home/kaushal/Documents/dbis_project/CS349-temporal-index-join/src/backend/optimizer'
gmake -C partitioning all
gmake[3]: Entering directory '/home/kaushal/Documents/dbis_project/CS349-temporal-index-join/src/backend/partitioning'
gmake[3]: Nothing to be done for 'all'.
gmake[3]: Leaving directory '/home/kaushal/Documents/dbis_project/CS349-temporal-index-join/src/backend/partitioning'
gmake -C port all
gmake[3]: Entering directory '/home/kaushal/Documents/dbis_project/CS349-temporal-index-join/src/backend/port'
gmake[3]: Nothing to be done for 'all'.
gmake[3]: Leaving directory '/home/kaushal/Documents/dbis_project/CS349-temporal-index-join/src/backend/port'
gmake -C postmaster all
gmake[3]: Entering directory '/home/kaushal/Documents/dbis_project/CS349-temporal-index-join/src/backend/postmaster'
gmake[3]: Nothing to be done for 'all'.
gmake[3]: Leaving directory '/home/kaushal/Documents/dbis_project/CS349-temporal-index-join/src/backend/postmaster'
gmake -C regex all
gmake[3]: Entering directory '/home/kaushal/Documents/dbis_project/CS349-temporal-index-join/src/backend/regex'
gmake[3]: Nothing to be done for 'all'.
gmake[3]: Leaving directory '/home/kaushal/Documents/dbis_project/CS349-temporal-index-join/src/backend/regex'
gmake -C replication all
gmake[3]: Entering directory '/home/kaushal/Documents/dbis_project/CS349-temporal-index-join/src/backend/replication'
gmake -C logical all
gmake[4]: Entering directory '/home/kaushal/Documents/dbis_project/CS349-temporal-index-join/src/backend/replication/logical'
gmake[4]: Nothing to be done for 'all'.
gmake[4]: Leaving directory '/home/kaushal/Documents/dbis_project/CS349-temporal-index-join/src/backend/replication/logical'
gmake[3]: Leaving directory '/home/kaushal/Documents/dbis_project/CS349-temporal-index-join/src/backend/replication'
gmake -C rewrite all
gmake[3]: Entering directory '/home/kaushal/Documents/dbis_project/CS349-temporal-index-join/src/backend/rewrite'
gmake[3]: Nothing to be done for 'all'.
gmake[3]: Leaving directory '/home/kaushal/Documents/dbis_project/CS349-temporal-index-join/src/backend/rewrite'
gmake -C statistics all
gmake[3]: Entering directory '/home/kaushal/Documents/dbis_project/CS349-temporal-index-join/src/backend/statistics'
gmake[3]: Nothing to be done for 'all'.
gmake[3]: Leaving directory '/home/kaushal/Documents/dbis_project/CS349-temporal-index-join/src/backend/statistics'
gmake -C storage all
gmake[3]: Entering directory '/home/kaushal/Documents/dbis_project/CS349-temporal-index-join/src/backend/storage'
gmake -C aio all
gmake[4]: Entering directory '/home/kaushal/Documents/dbis_project/CS349-temporal-index-join/src/backend/storage/aio'
gmake[4]: Nothing to be done for 'all'.
gmake[4]: Leaving directory '/home/kaushal/Documents/dbis_project/CS349-temporal-index-join/src/backend/storage/aio'
gmake -C buffer all
gmake[4]: Entering directory '/home/kaushal/Documents/dbis_project/CS349-temporal-index-join/src/backend/storage/buffer'
gmake[4]: Nothing to be done for 'all'.
gmake[4]: Leaving directory '/home/kaushal/Documents/dbis_project/CS349-temporal-index-join/src/backend/storage/buffer'
gmake -C file all
gmake[4]: Entering directory '/home/kaushal/Documents/dbis_project/CS349-temporal-index-join/src/backend/storage/file'
gmake[4]: Nothing to be done for 'all'.
gmake[4]: Leaving directory '/home/kaushal/Documents/dbis_project/CS349-temporal-index-join/src/backend/storage/file'
gmake -C freespace all
gmake[4]: Entering directory '/home/kaushal/Documents/dbis_project/CS349-temporal-index-join/src/backend/storage/freespace'
gmake[4]: Nothing to be done for 'all'.
gmake[4]: Leaving directory '/home/kaushal/Documents/dbis_project/CS349-temporal-index-join/src/backend/storage/freespace'
gmake -C ipc all
gmake[4]: Entering directory '/home/kaushal/Documents/dbis_project/CS349-temporal-index-join/src/backend/storage/ipc'
gmake[4]: Nothing to be done for 'all'.
gmake[4]: Leaving directory '/home/kaushal/Documents/dbis_project/CS349-temporal-index-join/src/backend/storage/ipc'
gmake -C large_object all
gmake[4]: Entering directory '/home/kaushal/Documents/dbis_project/CS349-temporal-index-join/src/backend/storage/large_object'
gmake[4]: Nothing to be done for 'all'.
gmake[4]: Leaving directory '/home/kaushal/Documents/dbis_project/CS349-temporal-index-join/src/backend/storage/large_object'
gmake -C lmgr all
gmake[4]: Entering directory '/home/kaushal/Documents/dbis_project/CS349-temporal-index-join/src/backend/storage/lmgr'
gmake[4]: Nothing to be done for 'all'.
gmake[4]: Leaving directory '/home/kaushal/Documents/dbis_project/CS349-temporal-index-join/src/backend/storage/lmgr'
gmake -C page all
gmake[4]: Entering directory '/home/kaushal/Documents/dbis_project/CS349-temporal-index-join/src/backend/storage/page'
gmake[4]: Nothing to be done for 'all'.
gmake[4]: Leaving directory '/home/kaushal/Documents/dbis_project/CS349-temporal-index-join/src/backend/storage/page'
gmake -C smgr all
gmake[4]: Entering directory '/home/kaushal/Documents/dbis_project/CS349-temporal-index-join/src/backend/storage/smgr'
gmake[4]: Nothing to be done for 'all'.
gmake[4]: Leaving directory '/home/kaushal/Documents/dbis_project/CS349-temporal-index-join/src/backend/storage/smgr'
gmake -C sync all
gmake[4]: Entering directory '/home/kaushal/Documents/dbis_project/CS349-temporal-index-join/src/backend/storage/sync'
gmake[4]: Nothing to be done for 'all'.
gmake[4]: Leaving directory '/home/kaushal/Documents/dbis_project/CS349-temporal-index-join/src/backend/storage/sync'
gmake[3]: Leaving directory '/home/kaushal/Documents/dbis_project/CS349-temporal-index-join/src/backend/storage'
gmake -C tcop all
gmake[3]: Entering directory '/home/kaushal/Documents/dbis_project/CS349-temporal-index-join/src/backend/tcop'
gmake[3]: Nothing to be done for 'all'.
gmake[3]: Leaving directory '/home/kaushal/Documents/dbis_project/CS349-temporal-index-join/src/backend/tcop'
gmake -C tsearch all
gmake[3]: Entering directory '/home/kaushal/Documents/dbis_project/CS349-temporal-index-join/src/backend/tsearch'
gmake[3]: Nothing to be done for 'all'.
gmake[3]: Leaving directory '/home/kaushal/Documents/dbis_project/CS349-temporal-index-join/src/backend/tsearch'
gmake -C utils all
gmake[3]: Entering directory '/home/kaushal/Documents/dbis_project/CS349-temporal-index-join/src/backend/utils'
gmake -C activity all
gmake[4]: Entering directory '/home/kaushal/Documents/dbis_project/CS349-temporal-index-join/src/backend/utils/activity'
gmake[4]: Nothing to be done for 'all'.
gmake[4]: Leaving directory '/home/kaushal/Documents/dbis_project/CS349-temporal-index-join/src/backend/utils/activity'
gmake -C adt all
gmake[4]: Entering directory '/home/kaushal/Documents/dbis_project/CS349-temporal-index-join/src/backend/utils/adt'
gmake[4]: Nothing to be done for 'all'.
gmake[4]: Leaving directory '/home/kaushal/Documents/dbis_project/CS349-temporal-index-join/src/backend/utils/adt'
gmake -C cache all
gmake[4]: Entering directory '/home/kaushal/Documents/dbis_project/CS349-temporal-index-join/src/backend/utils/cache'
gmake[4]: Nothing to be done for 'all'.
gmake[4]: Leaving directory '/home/kaushal/Documents/dbis_project/CS349-temporal-index-join/src/backend/utils/cache'
gmake -C error all
gmake[4]: Entering directory '/home/kaushal/Documents/dbis_project/CS349-temporal-index-join/src/backend/utils/error'
gmake[4]: Nothing to be done for 'all'.
gmake[4]: Leaving directory '/home/kaushal/Documents/dbis_project/CS349-temporal-index-join/src/backend/utils/error'
gmake -C fmgr all
gmake[4]: Entering directory '/home/kaushal/Documents/dbis_project/CS349-temporal-index-join/src/backend/utils/fmgr'
gmake[4]: Nothing to be done for 'all'.
gmake[4]: Leaving directory '/home/kaushal/Documents/dbis_project/CS349-temporal-index-join/src/backend/utils/fmgr'
gmake -C hash all
gmake[4]: Entering directory '/home/kaushal/Documents/dbis_project/CS349-temporal-index-join/src/backend/utils/hash'
gmake[4]: Nothing to be done for 'all'.
gmake[4]: Leaving directory '/home/kaushal/Documents/dbis_project/CS349-temporal-index-join/src/backend/utils/hash'
gmake -C init all
gmake[4]: Entering directory '/home/kaushal/Documents/dbis_project/CS349-temporal-index-join/src/backend/utils/init'
gmake[4]: Nothing to be done for 'all'.
gmake[4]: Leaving directory '/home/kaushal/Documents/dbis_project/CS349-temporal-index-join/src/backend/utils/init'
gmake -C mb all
gmake[4]: Entering directory '/home/kaushal/Documents/dbis_project/CS349-temporal-index-join/src/backend/utils/mb'
gmake[4]: Nothing to be done for 'all'.
gmake[4]: Leaving directory '/home/kaushal/Documents/dbis_project/CS349-temporal-index-join/src/backend/utils/mb'
gmake -C misc all
gmake[4]: Entering directory '/home/kaushal/Documents/dbis_project/CS349-temporal-index-join/src/backend/utils/misc'
gmake[4]: Nothing to be done for 'all'.
gmake[4]: Leaving directory '/home/kaushal/Documents/dbis_project/CS349-temporal-index-join/src/backend/utils/misc'
gmake -C mmgr all
gmake[4]: Entering directory '/home/kaushal/Documents/dbis_project/CS349-temporal-index-join/src/backend/utils/mmgr'
gmake[4]: Nothing to be done for 'all'.
gmake[4]: Leaving directory '/home/kaushal/Documents/dbis_project/CS349-temporal-index-join/src/backend/utils/mmgr'
gmake -C resowner all
gmake[4]: Entering directory '/home/kaushal/Documents/dbis_project/CS349-temporal-index-join/src/backend/utils/resowner'
gmake[4]: Nothing to be done for 'all'.
gmake[4]: Leaving directory '/home/kaushal/Documents/dbis_project/CS349-temporal-index-join/src/backend/utils/resowner'
gmake -C sort all
gmake[4]: Entering directory '/home/kaushal/Documents/dbis_project/CS349-temporal-index-join/src/backend/utils/sort'
gmake[4]: Nothing to be done for 'all'.
gmake[4]: Leaving directory '/home/kaushal/Documents/dbis_project/CS349-temporal-index-join/src/backend/utils/sort'
gmake -C time all
gmake[4]: Entering directory '/home/kaushal/Documents/dbis_project/CS349-temporal-index-join/src/backend/utils/time'
gmake[4]: Nothing to be done for 'all'.
gmake[4]: Leaving directory '/home/kaushal/Documents/dbis_project/CS349-temporal-index-join/src/backend/utils/time'
gmake -C adt jsonpath_gram.h
gmake[4]: Entering directory '/home/kaushal/Documents/dbis_project/CS349-temporal-index-join/src/backend/utils/adt'
gmake[4]: 'jsonpath_gram.h' is up to date.
gmake[4]: Leaving directory '/home/kaushal/Documents/dbis_project/CS349-temporal-index-join/src/backend/utils/adt'
gmake[3]: Leaving directory '/home/kaushal/Documents/dbis_project/CS349-temporal-index-join/src/backend/utils'
gmake -C ../../src/timezone all
gmake[3]: Entering directory '/home/kaushal/Documents/dbis_project/CS349-temporal-index-join/src/timezone'
gmake -C ../../src/port all
gmake[4]: Entering directory '/home/kaushal/Documents/dbis_project/CS349-temporal-index-join/src/port'
gmake[4]: Nothing to be done for 'all'.
gmake[4]: Leaving directory '/home/kaushal/Documents/dbis_project/CS349-temporal-index-join/src/port'
gmake -C ../../src/common all
gmake[4]: Entering directory '/home/kaushal/Documents/dbis_project/CS349-temporal-index-join/src/common'
gmake[4]: Nothing to be done for 'all'.
gmake[4]: Leaving directory '/home/kaushal/Documents/dbis_project/CS349-temporal-index-join/src/common'
gmake[3]: Leaving directory '/home/kaushal/Documents/dbis_project/CS349-temporal-index-join/src/timezone'
gmake -C jit all
gmake[3]: Entering directory '/home/kaushal/Documents/dbis_project/CS349-temporal-index-join/src/backend/jit'
gmake[3]: Nothing to be done for 'all'.
gmake[3]: Leaving directory '/home/kaushal/Documents/dbis_project/CS349-temporal-index-join/src/backend/jit'
/usr/bin/mkdir -p '/home/kaushal/Documents/dbis_project/CS349-temporal-index-join/install/bin' '/home/kaushal/Documents/dbis_project/CS349-temporal-index-join/install/share/postgresql'
/usr/bin/install -c  postgres '/home/kaushal/Documents/dbis_project/CS349-temporal-index-join/install/bin/postgres'
gmake -C access install
gmake[3]: Entering directory '/home/kaushal/Documents/dbis_project/CS349-temporal-index-join/src/backend/access'
gmake -C brin install
gmake[4]: Entering directory '/home/kaushal/Documents/dbis_project/CS349-temporal-index-join/src/backend/access/brin'
gmake[4]: Nothing to be done for 'install'.
gmake[4]: Leaving directory '/home/kaushal/Documents/dbis_project/CS349-temporal-index-join/src/backend/access/brin'
gmake -C common install
gmake[4]: Entering directory '/home/kaushal/Documents/dbis_project/CS349-temporal-index-join/src/backend/access/common'
gmake[4]: Nothing to be done for 'install'.
gmake[4]: Leaving directory '/home/kaushal/Documents/dbis_project/CS349-temporal-index-join/src/backend/access/common'
gmake -C gin install
gmake[4]: Entering directory '/home/kaushal/Documents/dbis_project/CS349-temporal-index-join/src/backend/access/gin'
gmake[4]: Nothing to be done for 'install'.
gmake[4]: Leaving directory '/home/kaushal/Documents/dbis_project/CS349-temporal-index-join/src/backend/access/gin'
gmake -C gist install
gmake[4]: Entering directory '/home/kaushal/Documents/dbis_project/CS349-temporal-index-join/src/backend/access/gist'
gmake[4]: Nothing to be done for 'install'.
gmake[4]: Leaving directory '/home/kaushal/Documents/dbis_project/CS349-temporal-index-join/src/backend/access/gist'
gmake -C hash install
gmake[4]: Entering directory '/home/kaushal/Documents/dbis_project/CS349-temporal-index-join/src/backend/access/hash'
gmake[4]: Nothing to be done for 'install'.
gmake[4]: Leaving directory '/home/kaushal/Documents/dbis_project/CS349-temporal-index-join/src/backend/access/hash'
gmake -C heap install
gmake[4]: Entering directory '/home/kaushal/Documents/dbis_project/CS349-temporal-index-join/src/backend/access/heap'
gmake[4]: Nothing to be done for 'install'.
gmake[4]: Leaving directory '/home/kaushal/Documents/dbis_project/CS349-temporal-index-join/src/backend/access/heap'
gmake -C index install
gmake[4]: Entering directory '/home/kaushal/Documents/dbis_project/CS349-temporal-index-join/src/backend/access/index'
gmake[4]: Nothing to be done for 'install'.
gmake[4]: Leaving directory '/home/kaushal/Documents/dbis_project/CS349-temporal-index-join/src/backend/access/index'
gmake -C nbtree install
gmake[4]: Entering directory '/home/kaushal/Documents/dbis_project/CS349-temporal-index-join/src/backend/access/nbtree'
gmake[4]: Nothing to be done for 'install'.
gmake[4]: Leaving directory '/home/kaushal/Documents/dbis_project/CS349-temporal-index-join/src/backend/access/nbtree'
gmake -C rmgrdesc install
gmake[4]: Entering directory '/home/kaushal/Documents/dbis_project/CS349-temporal-index-join/src/backend/access/rmgrdesc'
gmake[4]: Nothing to be done for 'install'.
gmake[4]: Leaving directory '/home/kaushal/Documents/dbis_project/CS349-temporal-index-join/src/backend/access/rmgrdesc'
gmake -C spgist install
gmake[4]: Entering directory '/home/kaushal/Documents/dbis_project/CS349-temporal-index-join/src/backend/access/spgist'
gmake[4]: Nothing to be done for 'install'.
gmake[4]: Leaving directory '/home/kaushal/Documents/dbis_project/CS349-temporal-index-join/src/backend/access/spgist'
gmake -C sequence install
gmake[4]: Entering directory '/home/kaushal/Documents/dbis_project/CS349-temporal-index-join/src/backend/access/sequence'
gmake[4]: Nothing to be done for 'install'.
gmake[4]: Leaving directory '/home/kaushal/Documents/dbis_project/CS349-temporal-index-join/src/backend/access/sequence'
gmake -C table install
gmake[4]: Entering directory '/home/kaushal/Documents/dbis_project/CS349-temporal-index-join/src/backend/access/table'
gmake[4]: Nothing to be done for 'install'.
gmake[4]: Leaving directory '/home/kaushal/Documents/dbis_project/CS349-temporal-index-join/src/backend/access/table'
gmake -C tablesample install
gmake[4]: Entering directory '/home/kaushal/Documents/dbis_project/CS349-temporal-index-join/src/backend/access/tablesample'
gmake[4]: Nothing to be done for 'install'.
gmake[4]: Leaving directory '/home/kaushal/Documents/dbis_project/CS349-temporal-index-join/src/backend/access/tablesample'
gmake -C transam install
gmake[4]: Entering directory '/home/kaushal/Documents/dbis_project/CS349-temporal-index-join/src/backend/access/transam'
gmake[4]: Nothing to be done for 'install'.
gmake[4]: Leaving directory '/home/kaushal/Documents/dbis_project/CS349-temporal-index-join/src/backend/access/transam'
gmake[3]: Leaving directory '/home/kaushal/Documents/dbis_project/CS349-temporal-index-join/src/backend/access'
gmake -C archive install
gmake[3]: Entering directory '/home/kaushal/Documents/dbis_project/CS349-temporal-index-join/src/backend/archive'
gmake[3]: Nothing to be done for 'install'.
gmake[3]: Leaving directory '/home/kaushal/Documents/dbis_project/CS349-temporal-index-join/src/backend/archive'
gmake -C backup install
gmake[3]: Entering directory '/home/kaushal/Documents/dbis_project/CS349-temporal-index-join/src/backend/backup'
gmake[3]: Nothing to be done for 'install'.
gmake[3]: Leaving directory '/home/kaushal/Documents/dbis_project/CS349-temporal-index-join/src/backend/backup'
gmake -C bootstrap install
gmake[3]: Entering directory '/home/kaushal/Documents/dbis_project/CS349-temporal-index-join/src/backend/bootstrap'
gmake[3]: Nothing to be done for 'install'.
gmake[3]: Leaving directory '/home/kaushal/Documents/dbis_project/CS349-temporal-index-join/src/backend/bootstrap'
gmake -C catalog install
gmake[3]: Entering directory '/home/kaushal/Documents/dbis_project/CS349-temporal-index-join/src/backend/catalog'
gmake[3]: Nothing to be done for 'install'.
gmake[3]: Leaving directory '/home/kaushal/Documents/dbis_project/CS349-temporal-index-join/src/backend/catalog'
gmake -C parser install
gmake[3]: Entering directory '/home/kaushal/Documents/dbis_project/CS349-temporal-index-join/src/backend/parser'
gmake[3]: Nothing to be done for 'install'.
gmake[3]: Leaving directory '/home/kaushal/Documents/dbis_project/CS349-temporal-index-join/src/backend/parser'
gmake -C commands install
gmake[3]: Entering directory '/home/kaushal/Documents/dbis_project/CS349-temporal-index-join/src/backend/commands'
gmake[3]: Nothing to be done for 'install'.
gmake[3]: Leaving directory '/home/kaushal/Documents/dbis_project/CS349-temporal-index-join/src/backend/commands'
gmake -C executor install
gmake[3]: Entering directory '/home/kaushal/Documents/dbis_project/CS349-temporal-index-join/src/backend/executor'
gmake[3]: Nothing to be done for 'install'.
gmake[3]: Leaving directory '/home/kaushal/Documents/dbis_project/CS349-temporal-index-join/src/backend/executor'
gmake -C foreign install
gmake[3]: Entering directory '/home/kaushal/Documents/dbis_project/CS349-temporal-index-join/src/backend/foreign'
gmake[3]: Nothing to be done for 'install'.
gmake[3]: Leaving directory '/home/kaushal/Documents/dbis_project/CS349-temporal-index-join/src/backend/foreign'
gmake -C lib install
gmake[3]: Entering directory '/home/kaushal/Documents/dbis_project/CS349-temporal-index-join/src/backend/lib'
gmake[3]: Nothing to be done for 'install'.
gmake[3]: Leaving directory '/home/kaushal/Documents/dbis_project/CS349-temporal-index-join/src/backend/lib'
gmake -C libpq install
gmake[3]: Entering directory '/home/kaushal/Documents/dbis_project/CS349-temporal-index-join/src/backend/libpq'
gmake[3]: Nothing to be done for 'install'.
gmake[3]: Leaving directory '/home/kaushal/Documents/dbis_project/CS349-temporal-index-join/src/backend/libpq'
gmake -C main install
gmake[3]: Entering directory '/home/kaushal/Documents/dbis_project/CS349-temporal-index-join/src/backend/main'
gmake[3]: Nothing to be done for 'install'.
gmake[3]: Leaving directory '/home/kaushal/Documents/dbis_project/CS349-temporal-index-join/src/backend/main'
gmake -C nodes install
gmake[3]: Entering directory '/home/kaushal/Documents/dbis_project/CS349-temporal-index-join/src/backend/nodes'
gmake[3]: Nothing to be done for 'install'.
gmake[3]: Leaving directory '/home/kaushal/Documents/dbis_project/CS349-temporal-index-join/src/backend/nodes'
gmake -C optimizer install
gmake[3]: Entering directory '/home/kaushal/Documents/dbis_project/CS349-temporal-index-join/src/backend/optimizer'
gmake -C geqo install
gmake[4]: Entering directory '/home/kaushal/Documents/dbis_project/CS349-temporal-index-join/src/backend/optimizer/geqo'
gmake[4]: Nothing to be done for 'install'.
gmake[4]: Leaving directory '/home/kaushal/Documents/dbis_project/CS349-temporal-index-join/src/backend/optimizer/geqo'
gmake -C path install
gmake[4]: Entering directory '/home/kaushal/Documents/dbis_project/CS349-temporal-index-join/src/backend/optimizer/path'
gmake[4]: Nothing to be done for 'install'.
gmake[4]: Leaving directory '/home/kaushal/Documents/dbis_project/CS349-temporal-index-join/src/backend/optimizer/path'
gmake -C plan install
gmake[4]: Entering directory '/home/kaushal/Documents/dbis_project/CS349-temporal-index-join/src/backend/optimizer/plan'
gmake[4]: Nothing to be done for 'install'.
gmake[4]: Leaving directory '/home/kaushal/Documents/dbis_project/CS349-temporal-index-join/src/backend/optimizer/plan'
gmake -C prep install
gmake[4]: Entering directory '/home/kaushal/Documents/dbis_project/CS349-temporal-index-join/src/backend/optimizer/prep'
gmake[4]: Nothing to be done for 'install'.
gmake[4]: Leaving directory '/home/kaushal/Documents/dbis_project/CS349-temporal-index-join/src/backend/optimizer/prep'
gmake -C util install
gmake[4]: Entering directory '/home/kaushal/Documents/dbis_project/CS349-temporal-index-join/src/backend/optimizer/util'
gmake[4]: Nothing to be done for 'install'.
gmake[4]: Leaving directory '/home/kaushal/Documents/dbis_project/CS349-temporal-index-join/src/backend/optimizer/util'
gmake[3]: Leaving directory '/home/kaushal/Documents/dbis_project/CS349-temporal-index-join/src/backend/optimizer'
gmake -C partitioning install
gmake[3]: Entering directory '/home/kaushal/Documents/dbis_project/CS349-temporal-index-join/src/backend/partitioning'
gmake[3]: Nothing to be done for 'install'.
gmake[3]: Leaving directory '/home/kaushal/Documents/dbis_project/CS349-temporal-index-join/src/backend/partitioning'
gmake -C port install
gmake[3]: Entering directory '/home/kaushal/Documents/dbis_project/CS349-temporal-index-join/src/backend/port'
gmake[3]: Nothing to be done for 'install'.
gmake[3]: Leaving directory '/home/kaushal/Documents/dbis_project/CS349-temporal-index-join/src/backend/port'
gmake -C postmaster install
gmake[3]: Entering directory '/home/kaushal/Documents/dbis_project/CS349-temporal-index-join/src/backend/postmaster'
gmake[3]: Nothing to be done for 'install'.
gmake[3]: Leaving directory '/home/kaushal/Documents/dbis_project/CS349-temporal-index-join/src/backend/postmaster'
gmake -C regex install
gmake[3]: Entering directory '/home/kaushal/Documents/dbis_project/CS349-temporal-index-join/src/backend/regex'
gmake[3]: Nothing to be done for 'install'.
gmake[3]: Leaving directory '/home/kaushal/Documents/dbis_project/CS349-temporal-index-join/src/backend/regex'
gmake -C replication install
gmake[3]: Entering directory '/home/kaushal/Documents/dbis_project/CS349-temporal-index-join/src/backend/replication'
gmake -C logical install
gmake[4]: Entering directory '/home/kaushal/Documents/dbis_project/CS349-temporal-index-join/src/backend/replication/logical'
gmake[4]: Nothing to be done for 'install'.
gmake[4]: Leaving directory '/home/kaushal/Documents/dbis_project/CS349-temporal-index-join/src/backend/replication/logical'
gmake[3]: Leaving directory '/home/kaushal/Documents/dbis_project/CS349-temporal-index-join/src/backend/replication'
gmake -C rewrite install
gmake[3]: Entering directory '/home/kaushal/Documents/dbis_project/CS349-temporal-index-join/src/backend/rewrite'
gmake[3]: Nothing to be done for 'install'.
gmake[3]: Leaving directory '/home/kaushal/Documents/dbis_project/CS349-temporal-index-join/src/backend/rewrite'
gmake -C statistics install
gmake[3]: Entering directory '/home/kaushal/Documents/dbis_project/CS349-temporal-index-join/src/backend/statistics'
gmake[3]: Nothing to be done for 'install'.
gmake[3]: Leaving directory '/home/kaushal/Documents/dbis_project/CS349-temporal-index-join/src/backend/statistics'
gmake -C storage install
gmake[3]: Entering directory '/home/kaushal/Documents/dbis_project/CS349-temporal-index-join/src/backend/storage'
gmake -C aio install
gmake[4]: Entering directory '/home/kaushal/Documents/dbis_project/CS349-temporal-index-join/src/backend/storage/aio'
gmake[4]: Nothing to be done for 'install'.
gmake[4]: Leaving directory '/home/kaushal/Documents/dbis_project/CS349-temporal-index-join/src/backend/storage/aio'
gmake -C buffer install
gmake[4]: Entering directory '/home/kaushal/Documents/dbis_project/CS349-temporal-index-join/src/backend/storage/buffer'
gmake[4]: Nothing to be done for 'install'.
gmake[4]: Leaving directory '/home/kaushal/Documents/dbis_project/CS349-temporal-index-join/src/backend/storage/buffer'
gmake -C file install
gmake[4]: Entering directory '/home/kaushal/Documents/dbis_project/CS349-temporal-index-join/src/backend/storage/file'
gmake[4]: Nothing to be done for 'install'.
gmake[4]: Leaving directory '/home/kaushal/Documents/dbis_project/CS349-temporal-index-join/src/backend/storage/file'
gmake -C freespace install
gmake[4]: Entering directory '/home/kaushal/Documents/dbis_project/CS349-temporal-index-join/src/backend/storage/freespace'
gmake[4]: Nothing to be done for 'install'.
gmake[4]: Leaving directory '/home/kaushal/Documents/dbis_project/CS349-temporal-index-join/src/backend/storage/freespace'
gmake -C ipc install
gmake[4]: Entering directory '/home/kaushal/Documents/dbis_project/CS349-temporal-index-join/src/backend/storage/ipc'
gmake[4]: Nothing to be done for 'install'.
gmake[4]: Leaving directory '/home/kaushal/Documents/dbis_project/CS349-temporal-index-join/src/backend/storage/ipc'
gmake -C large_object install
gmake[4]: Entering directory '/home/kaushal/Documents/dbis_project/CS349-temporal-index-join/src/backend/storage/large_object'
gmake[4]: Nothing to be done for 'install'.
gmake[4]: Leaving directory '/home/kaushal/Documents/dbis_project/CS349-temporal-index-join/src/backend/storage/large_object'
gmake -C lmgr install
gmake[4]: Entering directory '/home/kaushal/Documents/dbis_project/CS349-temporal-index-join/src/backend/storage/lmgr'
gmake[4]: Nothing to be done for 'install'.
gmake[4]: Leaving directory '/home/kaushal/Documents/dbis_project/CS349-temporal-index-join/src/backend/storage/lmgr'
gmake -C page install
gmake[4]: Entering directory '/home/kaushal/Documents/dbis_project/CS349-temporal-index-join/src/backend/storage/page'
gmake[4]: Nothing to be done for 'install'.
gmake[4]: Leaving directory '/home/kaushal/Documents/dbis_project/CS349-temporal-index-join/src/backend/storage/page'
gmake -C smgr install
gmake[4]: Entering directory '/home/kaushal/Documents/dbis_project/CS349-temporal-index-join/src/backend/storage/smgr'
gmake[4]: Nothing to be done for 'install'.
gmake[4]: Leaving directory '/home/kaushal/Documents/dbis_project/CS349-temporal-index-join/src/backend/storage/smgr'
gmake -C sync install
gmake[4]: Entering directory '/home/kaushal/Documents/dbis_project/CS349-temporal-index-join/src/backend/storage/sync'
gmake[4]: Nothing to be done for 'install'.
gmake[4]: Leaving directory '/home/kaushal/Documents/dbis_project/CS349-temporal-index-join/src/backend/storage/sync'
gmake[3]: Leaving directory '/home/kaushal/Documents/dbis_project/CS349-temporal-index-join/src/backend/storage'
gmake -C tcop install
gmake[3]: Entering directory '/home/kaushal/Documents/dbis_project/CS349-temporal-index-join/src/backend/tcop'
gmake[3]: Nothing to be done for 'install'.
gmake[3]: Leaving directory '/home/kaushal/Documents/dbis_project/CS349-temporal-index-join/src/backend/tcop'
gmake -C tsearch install
gmake[3]: Entering directory '/home/kaushal/Documents/dbis_project/CS349-temporal-index-join/src/backend/tsearch'
gmake[3]: Nothing to be done for 'install'.
gmake[3]: Leaving directory '/home/kaushal/Documents/dbis_project/CS349-temporal-index-join/src/backend/tsearch'
gmake -C utils install
gmake[3]: Entering directory '/home/kaushal/Documents/dbis_project/CS349-temporal-index-join/src/backend/utils'
gmake -C activity install
gmake[4]: Entering directory '/home/kaushal/Documents/dbis_project/CS349-temporal-index-join/src/backend/utils/activity'
gmake[4]: Nothing to be done for 'install'.
gmake[4]: Leaving directory '/home/kaushal/Documents/dbis_project/CS349-temporal-index-join/src/backend/utils/activity'
gmake -C adt install
gmake[4]: Entering directory '/home/kaushal/Documents/dbis_project/CS349-temporal-index-join/src/backend/utils/adt'
gmake[4]: Nothing to be done for 'install'.
gmake[4]: Leaving directory '/home/kaushal/Documents/dbis_project/CS349-temporal-index-join/src/backend/utils/adt'
gmake -C cache install
gmake[4]: Entering directory '/home/kaushal/Documents/dbis_project/CS349-temporal-index-join/src/backend/utils/cache'
gmake[4]: Nothing to be done for 'install'.
gmake[4]: Leaving directory '/home/kaushal/Documents/dbis_project/CS349-temporal-index-join/src/backend/utils/cache'
gmake -C error install
gmake[4]: Entering directory '/home/kaushal/Documents/dbis_project/CS349-temporal-index-join/src/backend/utils/error'
gmake[4]: Nothing to be done for 'install'.
gmake[4]: Leaving directory '/home/kaushal/Documents/dbis_project/CS349-temporal-index-join/src/backend/utils/error'
gmake -C fmgr install
gmake[4]: Entering directory '/home/kaushal/Documents/dbis_project/CS349-temporal-index-join/src/backend/utils/fmgr'
gmake[4]: Nothing to be done for 'install'.
gmake[4]: Leaving directory '/home/kaushal/Documents/dbis_project/CS349-temporal-index-join/src/backend/utils/fmgr'
gmake -C hash install
gmake[4]: Entering directory '/home/kaushal/Documents/dbis_project/CS349-temporal-index-join/src/backend/utils/hash'
gmake[4]: Nothing to be done for 'install'.
gmake[4]: Leaving directory '/home/kaushal/Documents/dbis_project/CS349-temporal-index-join/src/backend/utils/hash'
gmake -C init install
gmake[4]: Entering directory '/home/kaushal/Documents/dbis_project/CS349-temporal-index-join/src/backend/utils/init'
gmake[4]: Nothing to be done for 'install'.
gmake[4]: Leaving directory '/home/kaushal/Documents/dbis_project/CS349-temporal-index-join/src/backend/utils/init'
gmake -C mb install
gmake[4]: Entering directory '/home/kaushal/Documents/dbis_project/CS349-temporal-index-join/src/backend/utils/mb'
gmake[4]: Nothing to be done for 'install'.
gmake[4]: Leaving directory '/home/kaushal/Documents/dbis_project/CS349-temporal-index-join/src/backend/utils/mb'
gmake -C misc install
gmake[4]: Entering directory '/home/kaushal/Documents/dbis_project/CS349-temporal-index-join/src/backend/utils/misc'
gmake[4]: Nothing to be done for 'install'.
gmake[4]: Leaving directory '/home/kaushal/Documents/dbis_project/CS349-temporal-index-join/src/backend/utils/misc'
gmake -C mmgr install
gmake[4]: Entering directory '/home/kaushal/Documents/dbis_project/CS349-temporal-index-join/src/backend/utils/mmgr'
gmake[4]: Nothing to be done for 'install'.
gmake[4]: Leaving directory '/home/kaushal/Documents/dbis_project/CS349-temporal-index-join/src/backend/utils/mmgr'
gmake -C resowner install
gmake[4]: Entering directory '/home/kaushal/Documents/dbis_project/CS349-temporal-index-join/src/backend/utils/resowner'
gmake[4]: Nothing to be done for 'install'.
gmake[4]: Leaving directory '/home/kaushal/Documents/dbis_project/CS349-temporal-index-join/src/backend/utils/resowner'
gmake -C sort install
gmake[4]: Entering directory '/home/kaushal/Documents/dbis_project/CS349-temporal-index-join/src/backend/utils/sort'
gmake[4]: Nothing to be done for 'install'.
gmake[4]: Leaving directory '/home/kaushal/Documents/dbis_project/CS349-temporal-index-join/src/backend/utils/sort'
gmake -C time install
gmake[4]: Entering directory '/home/kaushal/Documents/dbis_project/CS349-temporal-index-join/src/backend/utils/time'
gmake[4]: Nothing to be done for 'install'.
gmake[4]: Leaving directory '/home/kaushal/Documents/dbis_project/CS349-temporal-index-join/src/backend/utils/time'
gmake[3]: Leaving directory '/home/kaushal/Documents/dbis_project/CS349-temporal-index-join/src/backend/utils'
gmake -C ../../src/timezone install
gmake[3]: Entering directory '/home/kaushal/Documents/dbis_project/CS349-temporal-index-join/src/timezone'
gmake -C ../../src/port all
gmake[4]: Entering directory '/home/kaushal/Documents/dbis_project/CS349-temporal-index-join/src/port'
gmake[4]: Nothing to be done for 'all'.
gmake[4]: Leaving directory '/home/kaushal/Documents/dbis_project/CS349-temporal-index-join/src/port'
gmake -C ../../src/common all
gmake[4]: Entering directory '/home/kaushal/Documents/dbis_project/CS349-temporal-index-join/src/common'
gmake[4]: Nothing to be done for 'all'.
gmake[4]: Leaving directory '/home/kaushal/Documents/dbis_project/CS349-temporal-index-join/src/common'
/usr/bin/mkdir -p '/home/kaushal/Documents/dbis_project/CS349-temporal-index-join/install/share/postgresql'
./zic -d '/home/kaushal/Documents/dbis_project/CS349-temporal-index-join/install/share/postgresql/timezone'  ./data/tzdata.zi
gmake -C tznames install
gmake[4]: Entering directory '/home/kaushal/Documents/dbis_project/CS349-temporal-index-join/src/timezone/tznames'
/usr/bin/mkdir -p '/home/kaushal/Documents/dbis_project/CS349-temporal-index-join/install/share/postgresql/timezonesets'
/usr/bin/install -c -m 644 ./Africa.txt ./America.txt ./Antarctica.txt ./Asia.txt ./Atlantic.txt ./Australia.txt ./Etc.txt ./Europe.txt ./Indian.txt ./Pacific.txt '/home/kaushal/Documents/dbis_project/CS349-temporal-index-join/install/share/postgresql/timezonesets'
/usr/bin/install -c -m 644 ./Default ./Australia ./India '/home/kaushal/Documents/dbis_project/CS349-temporal-index-join/install/share/postgresql/timezonesets'
gmake[4]: Leaving directory '/home/kaushal/Documents/dbis_project/CS349-temporal-index-join/src/timezone/tznames'
gmake[3]: Leaving directory '/home/kaushal/Documents/dbis_project/CS349-temporal-index-join/src/timezone'
gmake -C jit install
gmake[3]: Entering directory '/home/kaushal/Documents/dbis_project/CS349-temporal-index-join/src/backend/jit'
gmake[3]: Nothing to be done for 'install'.
gmake[3]: Leaving directory '/home/kaushal/Documents/dbis_project/CS349-temporal-index-join/src/backend/jit'
gmake -C catalog install-data
gmake[3]: Entering directory '/home/kaushal/Documents/dbis_project/CS349-temporal-index-join/src/backend/catalog'
/usr/bin/mkdir -p '/home/kaushal/Documents/dbis_project/CS349-temporal-index-join/install/share/postgresql'
/usr/bin/install -c -m 644 ./system_functions.sql '/home/kaushal/Documents/dbis_project/CS349-temporal-index-join/install/share/postgresql/system_functions.sql'
/usr/bin/install -c -m 644 ./system_views.sql '/home/kaushal/Documents/dbis_project/CS349-temporal-index-join/install/share/postgresql/system_views.sql'
/usr/bin/install -c -m 644 ./information_schema.sql '/home/kaushal/Documents/dbis_project/CS349-temporal-index-join/install/share/postgresql/information_schema.sql'
/usr/bin/install -c -m 644 ./sql_features.txt '/home/kaushal/Documents/dbis_project/CS349-temporal-index-join/install/share/postgresql/sql_features.txt'
gmake[3]: Leaving directory '/home/kaushal/Documents/dbis_project/CS349-temporal-index-join/src/backend/catalog'
gmake -C tsearch install-data
gmake[3]: Entering directory '/home/kaushal/Documents/dbis_project/CS349-temporal-index-join/src/backend/tsearch'
/usr/bin/mkdir -p '/home/kaushal/Documents/dbis_project/CS349-temporal-index-join/install/share/postgresql' '/home/kaushal/Documents/dbis_project/CS349-temporal-index-join/install/share/postgresql/tsearch_data'
/usr/bin/install -c -m 644 ./dicts/synonym_sample.syn ./dicts/thesaurus_sample.ths ./dicts/hunspell_sample.affix ./dicts/ispell_sample.affix ./dicts/ispell_sample.dict ./dicts/hunspell_sample_long.affix ./dicts/hunspell_sample_long.dict ./dicts/hunspell_sample_num.affix ./dicts/hunspell_sample_num.dict '/home/kaushal/Documents/dbis_project/CS349-temporal-index-join/install/share/postgresql/tsearch_data/'
gmake[3]: Leaving directory '/home/kaushal/Documents/dbis_project/CS349-temporal-index-join/src/backend/tsearch'
gmake -C utils install-data
gmake[3]: Entering directory '/home/kaushal/Documents/dbis_project/CS349-temporal-index-join/src/backend/utils'
/usr/bin/mkdir -p '/home/kaushal/Documents/dbis_project/CS349-temporal-index-join/install/share/postgresql'
/usr/bin/install -c -m 644 ./errcodes.txt '/home/kaushal/Documents/dbis_project/CS349-temporal-index-join/install/share/postgresql/errcodes.txt'
gmake[3]: Leaving directory '/home/kaushal/Documents/dbis_project/CS349-temporal-index-join/src/backend/utils'
/usr/bin/install -c -m 644 ./libpq/pg_hba.conf.sample '/home/kaushal/Documents/dbis_project/CS349-temporal-index-join/install/share/postgresql/pg_hba.conf.sample'
/usr/bin/install -c -m 644 ./libpq/pg_ident.conf.sample '/home/kaushal/Documents/dbis_project/CS349-temporal-index-join/install/share/postgresql/pg_ident.conf.sample'
/usr/bin/install -c -m 644 ./utils/misc/postgresql.conf.sample '/home/kaushal/Documents/dbis_project/CS349-temporal-index-join/install/share/postgresql/postgresql.conf.sample'
gmake[2]: Leaving directory '/home/kaushal/Documents/dbis_project/CS349-temporal-index-join/src/backend'
gmake -C backend/utils/mb/conversion_procs install
gmake[2]: Entering directory '/home/kaushal/Documents/dbis_project/CS349-temporal-index-join/src/backend/utils/mb/conversion_procs'
gmake -C cyrillic_and_mic install
gmake[3]: Entering directory '/home/kaushal/Documents/dbis_project/CS349-temporal-index-join/src/backend/utils/mb/conversion_procs/cyrillic_and_mic'
/usr/bin/mkdir -p '/home/kaushal/Documents/dbis_project/CS349-temporal-index-join/install/lib/postgresql'
/usr/bin/install -c -m 755  cyrillic_and_mic.so '/home/kaushal/Documents/dbis_project/CS349-temporal-index-join/install/lib/postgresql/cyrillic_and_mic.so'
gmake[3]: Leaving directory '/home/kaushal/Documents/dbis_project/CS349-temporal-index-join/src/backend/utils/mb/conversion_procs/cyrillic_and_mic'
gmake -C euc_cn_and_mic install
gmake[3]: Entering directory '/home/kaushal/Documents/dbis_project/CS349-temporal-index-join/src/backend/utils/mb/conversion_procs/euc_cn_and_mic'
/usr/bin/mkdir -p '/home/kaushal/Documents/dbis_project/CS349-temporal-index-join/install/lib/postgresql'
/usr/bin/install -c -m 755  euc_cn_and_mic.so '/home/kaushal/Documents/dbis_project/CS349-temporal-index-join/install/lib/postgresql/euc_cn_and_mic.so'
gmake[3]: Leaving directory '/home/kaushal/Documents/dbis_project/CS349-temporal-index-join/src/backend/utils/mb/conversion_procs/euc_cn_and_mic'
gmake -C euc_jp_and_sjis install
gmake[3]: Entering directory '/home/kaushal/Documents/dbis_project/CS349-temporal-index-join/src/backend/utils/mb/conversion_procs/euc_jp_and_sjis'
/usr/bin/mkdir -p '/home/kaushal/Documents/dbis_project/CS349-temporal-index-join/install/lib/postgresql'
/usr/bin/install -c -m 755  euc_jp_and_sjis.so '/home/kaushal/Documents/dbis_project/CS349-temporal-index-join/install/lib/postgresql/euc_jp_and_sjis.so'
gmake[3]: Leaving directory '/home/kaushal/Documents/dbis_project/CS349-temporal-index-join/src/backend/utils/mb/conversion_procs/euc_jp_and_sjis'
gmake -C euc_kr_and_mic install
gmake[3]: Entering directory '/home/kaushal/Documents/dbis_project/CS349-temporal-index-join/src/backend/utils/mb/conversion_procs/euc_kr_and_mic'
/usr/bin/mkdir -p '/home/kaushal/Documents/dbis_project/CS349-temporal-index-join/install/lib/postgresql'
/usr/bin/install -c -m 755  euc_kr_and_mic.so '/home/kaushal/Documents/dbis_project/CS349-temporal-index-join/install/lib/postgresql/euc_kr_and_mic.so'
gmake[3]: Leaving directory '/home/kaushal/Documents/dbis_project/CS349-temporal-index-join/src/backend/utils/mb/conversion_procs/euc_kr_and_mic'
gmake -C euc_tw_and_big5 install
gmake[3]: Entering directory '/home/kaushal/Documents/dbis_project/CS349-temporal-index-join/src/backend/utils/mb/conversion_procs/euc_tw_and_big5'
/usr/bin/mkdir -p '/home/kaushal/Documents/dbis_project/CS349-temporal-index-join/install/lib/postgresql'
/usr/bin/install -c -m 755  euc_tw_and_big5.so '/home/kaushal/Documents/dbis_project/CS349-temporal-index-join/install/lib/postgresql/euc_tw_and_big5.so'
gmake[3]: Leaving directory '/home/kaushal/Documents/dbis_project/CS349-temporal-index-join/src/backend/utils/mb/conversion_procs/euc_tw_and_big5'
gmake -C latin2_and_win1250 install
gmake[3]: Entering directory '/home/kaushal/Documents/dbis_project/CS349-temporal-index-join/src/backend/utils/mb/conversion_procs/latin2_and_win1250'
/usr/bin/mkdir -p '/home/kaushal/Documents/dbis_project/CS349-temporal-index-join/install/lib/postgresql'
/usr/bin/install -c -m 755  latin2_and_win1250.so '/home/kaushal/Documents/dbis_project/CS349-temporal-index-join/install/lib/postgresql/latin2_and_win1250.so'
gmake[3]: Leaving directory '/home/kaushal/Documents/dbis_project/CS349-temporal-index-join/src/backend/utils/mb/conversion_procs/latin2_and_win1250'
gmake -C latin_and_mic install
gmake[3]: Entering directory '/home/kaushal/Documents/dbis_project/CS349-temporal-index-join/src/backend/utils/mb/conversion_procs/latin_and_mic'
/usr/bin/mkdir -p '/home/kaushal/Documents/dbis_project/CS349-temporal-index-join/install/lib/postgresql'
/usr/bin/install -c -m 755  latin_and_mic.so '/home/kaushal/Documents/dbis_project/CS349-temporal-index-join/install/lib/postgresql/latin_and_mic.so'
gmake[3]: Leaving directory '/home/kaushal/Documents/dbis_project/CS349-temporal-index-join/src/backend/utils/mb/conversion_procs/latin_and_mic'
gmake -C utf8_and_big5 install
gmake[3]: Entering directory '/home/kaushal/Documents/dbis_project/CS349-temporal-index-join/src/backend/utils/mb/conversion_procs/utf8_and_big5'
/usr/bin/mkdir -p '/home/kaushal/Documents/dbis_project/CS349-temporal-index-join/install/lib/postgresql'
/usr/bin/install -c -m 755  utf8_and_big5.so '/home/kaushal/Documents/dbis_project/CS349-temporal-index-join/install/lib/postgresql/utf8_and_big5.so'
gmake[3]: Leaving directory '/home/kaushal/Documents/dbis_project/CS349-temporal-index-join/src/backend/utils/mb/conversion_procs/utf8_and_big5'
gmake -C utf8_and_cyrillic install
gmake[3]: Entering directory '/home/kaushal/Documents/dbis_project/CS349-temporal-index-join/src/backend/utils/mb/conversion_procs/utf8_and_cyrillic'
/usr/bin/mkdir -p '/home/kaushal/Documents/dbis_project/CS349-temporal-index-join/install/lib/postgresql'
/usr/bin/install -c -m 755  utf8_and_cyrillic.so '/home/kaushal/Documents/dbis_project/CS349-temporal-index-join/install/lib/postgresql/utf8_and_cyrillic.so'
gmake[3]: Leaving directory '/home/kaushal/Documents/dbis_project/CS349-temporal-index-join/src/backend/utils/mb/conversion_procs/utf8_and_cyrillic'
gmake -C utf8_and_euc_cn install
gmake[3]: Entering directory '/home/kaushal/Documents/dbis_project/CS349-temporal-index-join/src/backend/utils/mb/conversion_procs/utf8_and_euc_cn'
/usr/bin/mkdir -p '/home/kaushal/Documents/dbis_project/CS349-temporal-index-join/install/lib/postgresql'
/usr/bin/install -c -m 755  utf8_and_euc_cn.so '/home/kaushal/Documents/dbis_project/CS349-temporal-index-join/install/lib/postgresql/utf8_and_euc_cn.so'
gmake[3]: Leaving directory '/home/kaushal/Documents/dbis_project/CS349-temporal-index-join/src/backend/utils/mb/conversion_procs/utf8_and_euc_cn'
gmake -C utf8_and_euc_jp install
gmake[3]: Entering directory '/home/kaushal/Documents/dbis_project/CS349-temporal-index-join/src/backend/utils/mb/conversion_procs/utf8_and_euc_jp'
/usr/bin/mkdir -p '/home/kaushal/Documents/dbis_project/CS349-temporal-index-join/install/lib/postgresql'
/usr/bin/install -c -m 755  utf8_and_euc_jp.so '/home/kaushal/Documents/dbis_project/CS349-temporal-index-join/install/lib/postgresql/utf8_and_euc_jp.so'
gmake[3]: Leaving directory '/home/kaushal/Documents/dbis_project/CS349-temporal-index-join/src/backend/utils/mb/conversion_procs/utf8_and_euc_jp'
gmake -C utf8_and_euc_kr install
gmake[3]: Entering directory '/home/kaushal/Documents/dbis_project/CS349-temporal-index-join/src/backend/utils/mb/conversion_procs/utf8_and_euc_kr'
/usr/bin/mkdir -p '/home/kaushal/Documents/dbis_project/CS349-temporal-index-join/install/lib/postgresql'
/usr/bin/install -c -m 755  utf8_and_euc_kr.so '/home/kaushal/Documents/dbis_project/CS349-temporal-index-join/install/lib/postgresql/utf8_and_euc_kr.so'
gmake[3]: Leaving directory '/home/kaushal/Documents/dbis_project/CS349-temporal-index-join/src/backend/utils/mb/conversion_procs/utf8_and_euc_kr'
gmake -C utf8_and_euc_tw install
gmake[3]: Entering directory '/home/kaushal/Documents/dbis_project/CS349-temporal-index-join/src/backend/utils/mb/conversion_procs/utf8_and_euc_tw'
/usr/bin/mkdir -p '/home/kaushal/Documents/dbis_project/CS349-temporal-index-join/install/lib/postgresql'
/usr/bin/install -c -m 755  utf8_and_euc_tw.so '/home/kaushal/Documents/dbis_project/CS349-temporal-index-join/install/lib/postgresql/utf8_and_euc_tw.so'
gmake[3]: Leaving directory '/home/kaushal/Documents/dbis_project/CS349-temporal-index-join/src/backend/utils/mb/conversion_procs/utf8_and_euc_tw'
gmake -C utf8_and_gb18030 install
gmake[3]: Entering directory '/home/kaushal/Documents/dbis_project/CS349-temporal-index-join/src/backend/utils/mb/conversion_procs/utf8_and_gb18030'
/usr/bin/mkdir -p '/home/kaushal/Documents/dbis_project/CS349-temporal-index-join/install/lib/postgresql'
/usr/bin/install -c -m 755  utf8_and_gb18030.so '/home/kaushal/Documents/dbis_project/CS349-temporal-index-join/install/lib/postgresql/utf8_and_gb18030.so'
gmake[3]: Leaving directory '/home/kaushal/Documents/dbis_project/CS349-temporal-index-join/src/backend/utils/mb/conversion_procs/utf8_and_gb18030'
gmake -C utf8_and_gbk install
gmake[3]: Entering directory '/home/kaushal/Documents/dbis_project/CS349-temporal-index-join/src/backend/utils/mb/conversion_procs/utf8_and_gbk'
/usr/bin/mkdir -p '/home/kaushal/Documents/dbis_project/CS349-temporal-index-join/install/lib/postgresql'
/usr/bin/install -c -m 755  utf8_and_gbk.so '/home/kaushal/Documents/dbis_project/CS349-temporal-index-join/install/lib/postgresql/utf8_and_gbk.so'
gmake[3]: Leaving directory '/home/kaushal/Documents/dbis_project/CS349-temporal-index-join/src/backend/utils/mb/conversion_procs/utf8_and_gbk'
gmake -C utf8_and_iso8859 install
gmake[3]: Entering directory '/home/kaushal/Documents/dbis_project/CS349-temporal-index-join/src/backend/utils/mb/conversion_procs/utf8_and_iso8859'
/usr/bin/mkdir -p '/home/kaushal/Documents/dbis_project/CS349-temporal-index-join/install/lib/postgresql'
/usr/bin/install -c -m 755  utf8_and_iso8859.so '/home/kaushal/Documents/dbis_project/CS349-temporal-index-join/install/lib/postgresql/utf8_and_iso8859.so'
gmake[3]: Leaving directory '/home/kaushal/Documents/dbis_project/CS349-temporal-index-join/src/backend/utils/mb/conversion_procs/utf8_and_iso8859'
gmake -C utf8_and_iso8859_1 install
gmake[3]: Entering directory '/home/kaushal/Documents/dbis_project/CS349-temporal-index-join/src/backend/utils/mb/conversion_procs/utf8_and_iso8859_1'
/usr/bin/mkdir -p '/home/kaushal/Documents/dbis_project/CS349-temporal-index-join/install/lib/postgresql'
/usr/bin/install -c -m 755  utf8_and_iso8859_1.so '/home/kaushal/Documents/dbis_project/CS349-temporal-index-join/install/lib/postgresql/utf8_and_iso8859_1.so'
gmake[3]: Leaving directory '/home/kaushal/Documents/dbis_project/CS349-temporal-index-join/src/backend/utils/mb/conversion_procs/utf8_and_iso8859_1'
gmake -C utf8_and_johab install
gmake[3]: Entering directory '/home/kaushal/Documents/dbis_project/CS349-temporal-index-join/src/backend/utils/mb/conversion_procs/utf8_and_johab'
/usr/bin/mkdir -p '/home/kaushal/Documents/dbis_project/CS349-temporal-index-join/install/lib/postgresql'
/usr/bin/install -c -m 755  utf8_and_johab.so '/home/kaushal/Documents/dbis_project/CS349-temporal-index-join/install/lib/postgresql/utf8_and_johab.so'
gmake[3]: Leaving directory '/home/kaushal/Documents/dbis_project/CS349-temporal-index-join/src/backend/utils/mb/conversion_procs/utf8_and_johab'
gmake -C utf8_and_sjis install
gmake[3]: Entering directory '/home/kaushal/Documents/dbis_project/CS349-temporal-index-join/src/backend/utils/mb/conversion_procs/utf8_and_sjis'
/usr/bin/mkdir -p '/home/kaushal/Documents/dbis_project/CS349-temporal-index-join/install/lib/postgresql'
/usr/bin/install -c -m 755  utf8_and_sjis.so '/home/kaushal/Documents/dbis_project/CS349-temporal-index-join/install/lib/postgresql/utf8_and_sjis.so'
gmake[3]: Leaving directory '/home/kaushal/Documents/dbis_project/CS349-temporal-index-join/src/backend/utils/mb/conversion_procs/utf8_and_sjis'
gmake -C utf8_and_win install
gmake[3]: Entering directory '/home/kaushal/Documents/dbis_project/CS349-temporal-index-join/src/backend/utils/mb/conversion_procs/utf8_and_win'
/usr/bin/mkdir -p '/home/kaushal/Documents/dbis_project/CS349-temporal-index-join/install/lib/postgresql'
/usr/bin/install -c -m 755  utf8_and_win.so '/home/kaushal/Documents/dbis_project/CS349-temporal-index-join/install/lib/postgresql/utf8_and_win.so'
gmake[3]: Leaving directory '/home/kaushal/Documents/dbis_project/CS349-temporal-index-join/src/backend/utils/mb/conversion_procs/utf8_and_win'
gmake -C utf8_and_uhc install
gmake[3]: Entering directory '/home/kaushal/Documents/dbis_project/CS349-temporal-index-join/src/backend/utils/mb/conversion_procs/utf8_and_uhc'
/usr/bin/mkdir -p '/home/kaushal/Documents/dbis_project/CS349-temporal-index-join/install/lib/postgresql'
/usr/bin/install -c -m 755  utf8_and_uhc.so '/home/kaushal/Documents/dbis_project/CS349-temporal-index-join/install/lib/postgresql/utf8_and_uhc.so'
gmake[3]: Leaving directory '/home/kaushal/Documents/dbis_project/CS349-temporal-index-join/src/backend/utils/mb/conversion_procs/utf8_and_uhc'
gmake -C utf8_and_euc2004 install
gmake[3]: Entering directory '/home/kaushal/Documents/dbis_project/CS349-temporal-index-join/src/backend/utils/mb/conversion_procs/utf8_and_euc2004'
/usr/bin/mkdir -p '/home/kaushal/Documents/dbis_project/CS349-temporal-index-join/install/lib/postgresql'
/usr/bin/install -c -m 755  utf8_and_euc2004.so '/home/kaushal/Documents/dbis_project/CS349-temporal-index-join/install/lib/postgresql/utf8_and_euc2004.so'
gmake[3]: Leaving directory '/home/kaushal/Documents/dbis_project/CS349-temporal-index-join/src/backend/utils/mb/conversion_procs/utf8_and_euc2004'
gmake -C utf8_and_sjis2004 install
gmake[3]: Entering directory '/home/kaushal/Documents/dbis_project/CS349-temporal-index-join/src/backend/utils/mb/conversion_procs/utf8_and_sjis2004'
/usr/bin/mkdir -p '/home/kaushal/Documents/dbis_project/CS349-temporal-index-join/install/lib/postgresql'
/usr/bin/install -c -m 755  utf8_and_sjis2004.so '/home/kaushal/Documents/dbis_project/CS349-temporal-index-join/install/lib/postgresql/utf8_and_sjis2004.so'
gmake[3]: Leaving directory '/home/kaushal/Documents/dbis_project/CS349-temporal-index-join/src/backend/utils/mb/conversion_procs/utf8_and_sjis2004'
gmake -C euc2004_sjis2004 install
gmake[3]: Entering directory '/home/kaushal/Documents/dbis_project/CS349-temporal-index-join/src/backend/utils/mb/conversion_procs/euc2004_sjis2004'
/usr/bin/mkdir -p '/home/kaushal/Documents/dbis_project/CS349-temporal-index-join/install/lib/postgresql'
/usr/bin/install -c -m 755  euc2004_sjis2004.so '/home/kaushal/Documents/dbis_project/CS349-temporal-index-join/install/lib/postgresql/euc2004_sjis2004.so'
gmake[3]: Leaving directory '/home/kaushal/Documents/dbis_project/CS349-temporal-index-join/src/backend/utils/mb/conversion_procs/euc2004_sjis2004'
gmake[2]: Leaving directory '/home/kaushal/Documents/dbis_project/CS349-temporal-index-join/src/backend/utils/mb/conversion_procs'
gmake -C backend/snowball install
gmake[2]: Entering directory '/home/kaushal/Documents/dbis_project/CS349-temporal-index-join/src/backend/snowball'
/usr/bin/mkdir -p '/home/kaushal/Documents/dbis_project/CS349-temporal-index-join/install/lib/postgresql'
/usr/bin/mkdir -p '/home/kaushal/Documents/dbis_project/CS349-temporal-index-join/install/share/postgresql' '/home/kaushal/Documents/dbis_project/CS349-temporal-index-join/install/share/postgresql/tsearch_data'
/usr/bin/install -c -m 755  dict_snowball.so '/home/kaushal/Documents/dbis_project/CS349-temporal-index-join/install/lib/postgresql/dict_snowball.so'
/usr/bin/install -c -m 644 snowball_create.sql '/home/kaushal/Documents/dbis_project/CS349-temporal-index-join/install/share/postgresql'
/usr/bin/install -c -m 644 ./stopwords/danish.stop ./stopwords/dutch.stop ./stopwords/english.stop ./stopwords/finnish.stop ./stopwords/french.stop ./stopwords/german.stop ./stopwords/hungarian.stop ./stopwords/italian.stop ./stopwords/nepali.stop ./stopwords/norwegian.stop ./stopwords/portuguese.stop ./stopwords/russian.stop ./stopwords/spanish.stop ./stopwords/swedish.stop ./stopwords/turkish.stop '/home/kaushal/Documents/dbis_project/CS349-temporal-index-join/install/share/postgresql/tsearch_data'
gmake[2]: Leaving directory '/home/kaushal/Documents/dbis_project/CS349-temporal-index-join/src/backend/snowball'
gmake -C include install
gmake[2]: Entering directory '/home/kaushal/Documents/dbis_project/CS349-temporal-index-join/src/include'
/usr/bin/mkdir -p '/home/kaushal/Documents/dbis_project/CS349-temporal-index-join/install/include/libpq' '/home/kaushal/Documents/dbis_project/CS349-temporal-index-join/install/include/postgresql/internal/libpq'
/usr/bin/mkdir -p '/home/kaushal/Documents/dbis_project/CS349-temporal-index-join/install/include/postgresql/server'/access '/home/kaushal/Documents/dbis_project/CS349-temporal-index-join/install/include/postgresql/server'/archive '/home/kaushal/Documents/dbis_project/CS349-temporal-index-join/install/include/postgresql/server'/bootstrap '/home/kaushal/Documents/dbis_project/CS349-temporal-index-join/install/include/postgresql/server'/catalog '/home/kaushal/Documents/dbis_project/CS349-temporal-index-join/install/include/postgresql/server'/commands '/home/kaushal/Documents/dbis_project/CS349-temporal-index-join/install/include/postgresql/server'/common '/home/kaushal/Documents/dbis_project/CS349-temporal-index-join/install/include/postgresql/server'/datatype '/home/kaushal/Documents/dbis_project/CS349-temporal-index-join/install/include/postgresql/server'/executor '/home/kaushal/Documents/dbis_project/CS349-temporal-index-join/install/include/postgresql/server'/fe_utils '/home/kaushal/Documents/dbis_project/CS349-temporal-index-join/install/include/postgresql/server'/foreign '/home/kaushal/Documents/dbis_project/CS349-temporal-index-join/install/include/postgresql/server'/jit '/home/kaushal/Documents/dbis_project/CS349-temporal-index-join/install/include/postgresql/server'/lib '/home/kaushal/Documents/dbis_project/CS349-temporal-index-join/install/include/postgresql/server'/libpq '/home/kaushal/Documents/dbis_project/CS349-temporal-index-join/install/include/postgresql/server'/mb '/home/kaushal/Documents/dbis_project/CS349-temporal-index-join/install/include/postgresql/server'/nodes '/home/kaushal/Documents/dbis_project/CS349-temporal-index-join/install/include/postgresql/server'/optimizer '/home/kaushal/Documents/dbis_project/CS349-temporal-index-join/install/include/postgresql/server'/parser '/home/kaushal/Documents/dbis_project/CS349-temporal-index-join/install/include/postgresql/server'/partitioning '/home/kaushal/Documents/dbis_project/CS349-temporal-index-join/install/include/postgresql/server'/postmaster '/home/kaushal/Documents/dbis_project/CS349-temporal-index-join/install/include/postgresql/server'/regex '/home/kaushal/Documents/dbis_project/CS349-temporal-index-join/install/include/postgresql/server'/replication '/home/kaushal/Documents/dbis_project/CS349-temporal-index-join/install/include/postgresql/server'/rewrite '/home/kaushal/Documents/dbis_project/CS349-temporal-index-join/install/include/postgresql/server'/statistics '/home/kaushal/Documents/dbis_project/CS349-temporal-index-join/install/include/postgresql/server'/storage '/home/kaushal/Documents/dbis_project/CS349-temporal-index-join/install/include/postgresql/server'/tcop '/home/kaushal/Documents/dbis_project/CS349-temporal-index-join/install/include/postgresql/server'/snowball '/home/kaushal/Documents/dbis_project/CS349-temporal-index-join/install/include/postgresql/server'/snowball/libstemmer '/home/kaushal/Documents/dbis_project/CS349-temporal-index-join/install/include/postgresql/server'/tsearch '/home/kaushal/Documents/dbis_project/CS349-temporal-index-join/install/include/postgresql/server'/tsearch/dicts '/home/kaushal/Documents/dbis_project/CS349-temporal-index-join/install/include/postgresql/server'/utils '/home/kaushal/Documents/dbis_project/CS349-temporal-index-join/install/include/postgresql/server'/port '/home/kaushal/Documents/dbis_project/CS349-temporal-index-join/install/include/postgresql/server'/port/atomics '/home/kaushal/Documents/dbis_project/CS349-temporal-index-join/install/include/postgresql/server'/port/win32 '/home/kaushal/Documents/dbis_project/CS349-temporal-index-join/install/include/postgresql/server'/port/win32_msvc '/home/kaushal/Documents/dbis_project/CS349-temporal-index-join/install/include/postgresql/server'/port/win32_msvc/sys '/home/kaushal/Documents/dbis_project/CS349-temporal-index-join/install/include/postgresql/server'/port/win32/arpa '/home/kaushal/Documents/dbis_project/CS349-temporal-index-join/install/include/postgresql/server'/port/win32/netinet '/home/kaushal/Documents/dbis_project/CS349-temporal-index-join/install/include/postgresql/server'/port/win32/sys '/home/kaushal/Documents/dbis_project/CS349-temporal-index-join/install/include/postgresql/server'/portability
/usr/bin/install -c -m 644 ./postgres_ext.h   '/home/kaushal/Documents/dbis_project/CS349-temporal-index-join/install/include'
/usr/bin/install -c -m 644 ./libpq/libpq-fs.h '/home/kaushal/Documents/dbis_project/CS349-temporal-index-join/install/include/libpq'
/usr/bin/install -c -m 644 pg_config.h     '/home/kaushal/Documents/dbis_project/CS349-temporal-index-join/install/include'
/usr/bin/install -c -m 644 pg_config_ext.h '/home/kaushal/Documents/dbis_project/CS349-temporal-index-join/install/include'
/usr/bin/install -c -m 644 pg_config_os.h  '/home/kaushal/Documents/dbis_project/CS349-temporal-index-join/install/include'
/usr/bin/install -c -m 644 ./pg_config_manual.h '/home/kaushal/Documents/dbis_project/CS349-temporal-index-join/install/include'
/usr/bin/install -c -m 644 ./c.h            '/home/kaushal/Documents/dbis_project/CS349-temporal-index-join/install/include/postgresql/internal'
/usr/bin/install -c -m 644 ./port.h         '/home/kaushal/Documents/dbis_project/CS349-temporal-index-join/install/include/postgresql/internal'
/usr/bin/install -c -m 644 ./postgres_fe.h  '/home/kaushal/Documents/dbis_project/CS349-temporal-index-join/install/include/postgresql/internal'
/usr/bin/install -c -m 644 ./libpq/pqcomm.h '/home/kaushal/Documents/dbis_project/CS349-temporal-index-join/install/include/postgresql/internal/libpq'
/usr/bin/install -c -m 644 ./libpq/protocol.h '/home/kaushal/Documents/dbis_project/CS349-temporal-index-join/install/include/postgresql/internal/libpq'
/usr/bin/install -c -m 644 pg_config.h     '/home/kaushal/Documents/dbis_project/CS349-temporal-index-join/install/include/postgresql/server'
/usr/bin/install -c -m 644 pg_config_ext.h '/home/kaushal/Documents/dbis_project/CS349-temporal-index-join/install/include/postgresql/server'
/usr/bin/install -c -m 644 pg_config_os.h  '/home/kaushal/Documents/dbis_project/CS349-temporal-index-join/install/include/postgresql/server'
/usr/bin/install -c -m 644 nodes/nodetags.h '/home/kaushal/Documents/dbis_project/CS349-temporal-index-join/install/include/postgresql/server/nodes'
/usr/bin/install -c -m 644 utils/errcodes.h '/home/kaushal/Documents/dbis_project/CS349-temporal-index-join/install/include/postgresql/server/utils'
/usr/bin/install -c -m 644 utils/fmgroids.h '/home/kaushal/Documents/dbis_project/CS349-temporal-index-join/install/include/postgresql/server/utils'
/usr/bin/install -c -m 644 utils/fmgrprotos.h '/home/kaushal/Documents/dbis_project/CS349-temporal-index-join/install/include/postgresql/server/utils'
/usr/bin/install -c -m 644 ./*.h '/home/kaushal/Documents/dbis_project/CS349-temporal-index-join/install/include/postgresql/server'
for dir in access archive bootstrap catalog commands common datatype executor fe_utils foreign jit lib libpq mb nodes optimizer parser partitioning postmaster regex replication rewrite statistics storage tcop snowball snowball/libstemmer tsearch tsearch/dicts utils port port/atomics port/win32 port/win32_msvc port/win32_msvc/sys port/win32/arpa port/win32/netinet port/win32/sys portability; do \
  /usr/bin/install -c -m 644 ./$dir/*.h '/home/kaushal/Documents/dbis_project/CS349-temporal-index-join/install/include/postgresql/server'/$dir || exit; \
done
gmake -C catalog install
gmake[3]: Entering directory '/home/kaushal/Documents/dbis_project/CS349-temporal-index-join/src/include/catalog'
/usr/bin/mkdir -p '/home/kaushal/Documents/dbis_project/CS349-temporal-index-join/install/share/postgresql' '/home/kaushal/Documents/dbis_project/CS349-temporal-index-join/install/include/postgresql/server'
/usr/bin/install -c -m 644 postgres.bki '/home/kaushal/Documents/dbis_project/CS349-temporal-index-join/install/share/postgresql/postgres.bki'
/usr/bin/install -c -m 644 system_constraints.sql '/home/kaushal/Documents/dbis_project/CS349-temporal-index-join/install/share/postgresql/system_constraints.sql'
gmake[3]: Leaving directory '/home/kaushal/Documents/dbis_project/CS349-temporal-index-join/src/include/catalog'
gmake[2]: Leaving directory '/home/kaushal/Documents/dbis_project/CS349-temporal-index-join/src/include'
gmake -C interfaces install
gmake[2]: Entering directory '/home/kaushal/Documents/dbis_project/CS349-temporal-index-join/src/interfaces'
gmake -C libpq install
gmake[3]: Entering directory '/home/kaushal/Documents/dbis_project/CS349-temporal-index-join/src/interfaces/libpq'
gmake -C ../../../src/port all
gmake[4]: Entering directory '/home/kaushal/Documents/dbis_project/CS349-temporal-index-join/src/port'
gmake[4]: Nothing to be done for 'all'.
gmake[4]: Leaving directory '/home/kaushal/Documents/dbis_project/CS349-temporal-index-join/src/port'
gmake -C ../../../src/common all
gmake[4]: Entering directory '/home/kaushal/Documents/dbis_project/CS349-temporal-index-join/src/common'
gmake[4]: Nothing to be done for 'all'.
gmake[4]: Leaving directory '/home/kaushal/Documents/dbis_project/CS349-temporal-index-join/src/common'
/usr/bin/mkdir -p '/home/kaushal/Documents/dbis_project/CS349-temporal-index-join/install/lib' '/home/kaushal/Documents/dbis_project/CS349-temporal-index-join/install/lib/pkgconfig' 
/usr/bin/mkdir -p '/home/kaushal/Documents/dbis_project/CS349-temporal-index-join/install/include' '/home/kaushal/Documents/dbis_project/CS349-temporal-index-join/install/include/postgresql/internal' '/home/kaushal/Documents/dbis_project/CS349-temporal-index-join/install/share/postgresql'
/usr/bin/install -c -m 755  libpq.so.5.17 '/home/kaushal/Documents/dbis_project/CS349-temporal-index-join/install/lib/libpq.so.5.17'
cd '/home/kaushal/Documents/dbis_project/CS349-temporal-index-join/install/lib' && \
rm -f libpq.so.5 && \
ln -s libpq.so.5.17 libpq.so.5
cd '/home/kaushal/Documents/dbis_project/CS349-temporal-index-join/install/lib' && \
rm -f libpq.so && \
ln -s libpq.so.5.17 libpq.so
/usr/bin/install -c -m 644  libpq.a '/home/kaushal/Documents/dbis_project/CS349-temporal-index-join/install/lib/libpq.a'
/usr/bin/install -c -m 644 libpq.pc '/home/kaushal/Documents/dbis_project/CS349-temporal-index-join/install/lib/pkgconfig/libpq.pc'
/usr/bin/install -c -m 644 ./libpq-fe.h '/home/kaushal/Documents/dbis_project/CS349-temporal-index-join/install/include'
/usr/bin/install -c -m 644 ./libpq-events.h '/home/kaushal/Documents/dbis_project/CS349-temporal-index-join/install/include'
/usr/bin/install -c -m 644 ./libpq-int.h '/home/kaushal/Documents/dbis_project/CS349-temporal-index-join/install/include/postgresql/internal'
/usr/bin/install -c -m 644 ./fe-auth-sasl.h '/home/kaushal/Documents/dbis_project/CS349-temporal-index-join/install/include/postgresql/internal'
/usr/bin/install -c -m 644 ./pqexpbuffer.h '/home/kaushal/Documents/dbis_project/CS349-temporal-index-join/install/include/postgresql/internal'
/usr/bin/install -c -m 644 ./pg_service.conf.sample '/home/kaushal/Documents/dbis_project/CS349-temporal-index-join/install/share/postgresql/pg_service.conf.sample'
gmake[3]: Leaving directory '/home/kaushal/Documents/dbis_project/CS349-temporal-index-join/src/interfaces/libpq'
gmake -C ecpg install
gmake[3]: Entering directory '/home/kaushal/Documents/dbis_project/CS349-temporal-index-join/src/interfaces/ecpg'
gmake -C include install
gmake[4]: Entering directory '/home/kaushal/Documents/dbis_project/CS349-temporal-index-join/src/interfaces/ecpg/include'
/usr/bin/mkdir -p '/home/kaushal/Documents/dbis_project/CS349-temporal-index-join/install/include' '/home/kaushal/Documents/dbis_project/CS349-temporal-index-join/install/include/postgresql/informix/esql'
/usr/bin/install -c -m 644 ./ecpgerrno.h ./ecpglib.h ./ecpgtype.h ./sqlca.h ./sql3types.h ./ecpg_informix.h ./pgtypes_error.h ./pgtypes_numeric.h ./pgtypes_timestamp.h ./pgtypes_date.h ./pgtypes_interval.h ./pgtypes.h ./sqlda.h ./sqlda-compat.h ./sqlda-native.h '/home/kaushal/Documents/dbis_project/CS349-temporal-index-join/install/include/'
/usr/bin/install -c -m 644 ./datetime.h ./decimal.h ./sqltypes.h '/home/kaushal/Documents/dbis_project/CS349-temporal-index-join/install/include/postgresql/informix/esql/'
/usr/bin/install -c -m 644 ../../../../src/interfaces/ecpg/include/ecpg_config.h '/home/kaushal/Documents/dbis_project/CS349-temporal-index-join/install/include'
gmake[4]: Leaving directory '/home/kaushal/Documents/dbis_project/CS349-temporal-index-join/src/interfaces/ecpg/include'
gmake -C pgtypeslib install
gmake[4]: Entering directory '/home/kaushal/Documents/dbis_project/CS349-temporal-index-join/src/interfaces/ecpg/pgtypeslib'
gmake -C ../../../../src/port all
gmake[5]: Entering directory '/home/kaushal/Documents/dbis_project/CS349-temporal-index-join/src/port'
gmake[5]: Nothing to be done for 'all'.
gmake[5]: Leaving directory '/home/kaushal/Documents/dbis_project/CS349-temporal-index-join/src/port'
gmake -C ../../../../src/common all
gmake[5]: Entering directory '/home/kaushal/Documents/dbis_project/CS349-temporal-index-join/src/common'
gmake[5]: Nothing to be done for 'all'.
gmake[5]: Leaving directory '/home/kaushal/Documents/dbis_project/CS349-temporal-index-join/src/common'
/usr/bin/mkdir -p '/home/kaushal/Documents/dbis_project/CS349-temporal-index-join/install/lib' '/home/kaushal/Documents/dbis_project/CS349-temporal-index-join/install/lib/pkgconfig' 
/usr/bin/install -c -m 755  libpgtypes.so.3.17 '/home/kaushal/Documents/dbis_project/CS349-temporal-index-join/install/lib/libpgtypes.so.3.17'
cd '/home/kaushal/Documents/dbis_project/CS349-temporal-index-join/install/lib' && \
rm -f libpgtypes.so.3 && \
ln -s libpgtypes.so.3.17 libpgtypes.so.3
cd '/home/kaushal/Documents/dbis_project/CS349-temporal-index-join/install/lib' && \
rm -f libpgtypes.so && \
ln -s libpgtypes.so.3.17 libpgtypes.so
/usr/bin/install -c -m 644  libpgtypes.a '/home/kaushal/Documents/dbis_project/CS349-temporal-index-join/install/lib/libpgtypes.a'
/usr/bin/install -c -m 644 libpgtypes.pc '/home/kaushal/Documents/dbis_project/CS349-temporal-index-join/install/lib/pkgconfig/libpgtypes.pc'
gmake[4]: Leaving directory '/home/kaushal/Documents/dbis_project/CS349-temporal-index-join/src/interfaces/ecpg/pgtypeslib'
gmake -C ecpglib install
gmake[4]: Entering directory '/home/kaushal/Documents/dbis_project/CS349-temporal-index-join/src/interfaces/ecpg/ecpglib'
gmake -C ../../../../src/interfaces/libpq all
gmake[5]: Entering directory '/home/kaushal/Documents/dbis_project/CS349-temporal-index-join/src/interfaces/libpq'
gmake -C ../../../src/port all
gmake[6]: Entering directory '/home/kaushal/Documents/dbis_project/CS349-temporal-index-join/src/port'
gmake[6]: Nothing to be done for 'all'.
gmake[6]: Leaving directory '/home/kaushal/Documents/dbis_project/CS349-temporal-index-join/src/port'
gmake -C ../../../src/common all
gmake[6]: Entering directory '/home/kaushal/Documents/dbis_project/CS349-temporal-index-join/src/common'
gmake[6]: Nothing to be done for 'all'.
gmake[6]: Leaving directory '/home/kaushal/Documents/dbis_project/CS349-temporal-index-join/src/common'
gmake[5]: Leaving directory '/home/kaushal/Documents/dbis_project/CS349-temporal-index-join/src/interfaces/libpq'
gmake -C ../../../../src/interfaces/ecpg/pgtypeslib all
gmake[5]: Entering directory '/home/kaushal/Documents/dbis_project/CS349-temporal-index-join/src/interfaces/ecpg/pgtypeslib'
gmake -C ../../../../src/port all
gmake[6]: Entering directory '/home/kaushal/Documents/dbis_project/CS349-temporal-index-join/src/port'
gmake[6]: Nothing to be done for 'all'.
gmake[6]: Leaving directory '/home/kaushal/Documents/dbis_project/CS349-temporal-index-join/src/port'
gmake -C ../../../../src/common all
gmake[6]: Entering directory '/home/kaushal/Documents/dbis_project/CS349-temporal-index-join/src/common'
gmake[6]: Nothing to be done for 'all'.
gmake[6]: Leaving directory '/home/kaushal/Documents/dbis_project/CS349-temporal-index-join/src/common'
gmake[5]: Leaving directory '/home/kaushal/Documents/dbis_project/CS349-temporal-index-join/src/interfaces/ecpg/pgtypeslib'
/usr/bin/mkdir -p '/home/kaushal/Documents/dbis_project/CS349-temporal-index-join/install/lib' '/home/kaushal/Documents/dbis_project/CS349-temporal-index-join/install/lib/pkgconfig' 
/usr/bin/install -c -m 755  libecpg.so.6.17 '/home/kaushal/Documents/dbis_project/CS349-temporal-index-join/install/lib/libecpg.so.6.17'
cd '/home/kaushal/Documents/dbis_project/CS349-temporal-index-join/install/lib' && \
rm -f libecpg.so.6 && \
ln -s libecpg.so.6.17 libecpg.so.6
cd '/home/kaushal/Documents/dbis_project/CS349-temporal-index-join/install/lib' && \
rm -f libecpg.so && \
ln -s libecpg.so.6.17 libecpg.so
/usr/bin/install -c -m 644  libecpg.a '/home/kaushal/Documents/dbis_project/CS349-temporal-index-join/install/lib/libecpg.a'
/usr/bin/install -c -m 644 libecpg.pc '/home/kaushal/Documents/dbis_project/CS349-temporal-index-join/install/lib/pkgconfig/libecpg.pc'
gmake[4]: Leaving directory '/home/kaushal/Documents/dbis_project/CS349-temporal-index-join/src/interfaces/ecpg/ecpglib'
gmake -C compatlib install
gmake[4]: Entering directory '/home/kaushal/Documents/dbis_project/CS349-temporal-index-join/src/interfaces/ecpg/compatlib'
gmake -C ../../../../src/interfaces/ecpg/ecpglib all
gmake[5]: Entering directory '/home/kaushal/Documents/dbis_project/CS349-temporal-index-join/src/interfaces/ecpg/ecpglib'
gmake -C ../../../../src/interfaces/libpq all
gmake[6]: Entering directory '/home/kaushal/Documents/dbis_project/CS349-temporal-index-join/src/interfaces/libpq'
gmake -C ../../../src/port all
gmake[7]: Entering directory '/home/kaushal/Documents/dbis_project/CS349-temporal-index-join/src/port'
gmake[7]: Nothing to be done for 'all'.
gmake[7]: Leaving directory '/home/kaushal/Documents/dbis_project/CS349-temporal-index-join/src/port'
gmake -C ../../../src/common all
gmake[7]: Entering directory '/home/kaushal/Documents/dbis_project/CS349-temporal-index-join/src/common'
gmake[7]: Nothing to be done for 'all'.
gmake[7]: Leaving directory '/home/kaushal/Documents/dbis_project/CS349-temporal-index-join/src/common'
gmake[6]: Leaving directory '/home/kaushal/Documents/dbis_project/CS349-temporal-index-join/src/interfaces/libpq'
gmake -C ../../../../src/interfaces/ecpg/pgtypeslib all
gmake[6]: Entering directory '/home/kaushal/Documents/dbis_project/CS349-temporal-index-join/src/interfaces/ecpg/pgtypeslib'
gmake -C ../../../../src/port all
gmake[7]: Entering directory '/home/kaushal/Documents/dbis_project/CS349-temporal-index-join/src/port'
gmake[7]: Nothing to be done for 'all'.
gmake[7]: Leaving directory '/home/kaushal/Documents/dbis_project/CS349-temporal-index-join/src/port'
gmake -C ../../../../src/common all
gmake[7]: Entering directory '/home/kaushal/Documents/dbis_project/CS349-temporal-index-join/src/common'
gmake[7]: Nothing to be done for 'all'.
gmake[7]: Leaving directory '/home/kaushal/Documents/dbis_project/CS349-temporal-index-join/src/common'
gmake[6]: Leaving directory '/home/kaushal/Documents/dbis_project/CS349-temporal-index-join/src/interfaces/ecpg/pgtypeslib'
gmake[5]: Leaving directory '/home/kaushal/Documents/dbis_project/CS349-temporal-index-join/src/interfaces/ecpg/ecpglib'
gmake -C ../../../../src/interfaces/ecpg/pgtypeslib all
gmake[5]: Entering directory '/home/kaushal/Documents/dbis_project/CS349-temporal-index-join/src/interfaces/ecpg/pgtypeslib'
gmake -C ../../../../src/port all
gmake[6]: Entering directory '/home/kaushal/Documents/dbis_project/CS349-temporal-index-join/src/port'
gmake[6]: Nothing to be done for 'all'.
gmake[6]: Leaving directory '/home/kaushal/Documents/dbis_project/CS349-temporal-index-join/src/port'
gmake -C ../../../../src/common all
gmake[6]: Entering directory '/home/kaushal/Documents/dbis_project/CS349-temporal-index-join/src/common'
gmake[6]: Nothing to be done for 'all'.
gmake[6]: Leaving directory '/home/kaushal/Documents/dbis_project/CS349-temporal-index-join/src/common'
gmake[5]: Leaving directory '/home/kaushal/Documents/dbis_project/CS349-temporal-index-join/src/interfaces/ecpg/pgtypeslib'
/usr/bin/mkdir -p '/home/kaushal/Documents/dbis_project/CS349-temporal-index-join/install/lib' '/home/kaushal/Documents/dbis_project/CS349-temporal-index-join/install/lib/pkgconfig' 
/usr/bin/install -c -m 755  libecpg_compat.so.3.17 '/home/kaushal/Documents/dbis_project/CS349-temporal-index-join/install/lib/libecpg_compat.so.3.17'
cd '/home/kaushal/Documents/dbis_project/CS349-temporal-index-join/install/lib' && \
rm -f libecpg_compat.so.3 && \
ln -s libecpg_compat.so.3.17 libecpg_compat.so.3
cd '/home/kaushal/Documents/dbis_project/CS349-temporal-index-join/install/lib' && \
rm -f libecpg_compat.so && \
ln -s libecpg_compat.so.3.17 libecpg_compat.so
/usr/bin/install -c -m 644  libecpg_compat.a '/home/kaushal/Documents/dbis_project/CS349-temporal-index-join/install/lib/libecpg_compat.a'
/usr/bin/install -c -m 644 libecpg_compat.pc '/home/kaushal/Documents/dbis_project/CS349-temporal-index-join/install/lib/pkgconfig/libecpg_compat.pc'
gmake[4]: Leaving directory '/home/kaushal/Documents/dbis_project/CS349-temporal-index-join/src/interfaces/ecpg/compatlib'
gmake -C preproc install
gmake[4]: Entering directory '/home/kaushal/Documents/dbis_project/CS349-temporal-index-join/src/interfaces/ecpg/preproc'
gmake -C ../../../../src/port all
gmake[5]: Entering directory '/home/kaushal/Documents/dbis_project/CS349-temporal-index-join/src/port'
gmake[5]: Nothing to be done for 'all'.
gmake[5]: Leaving directory '/home/kaushal/Documents/dbis_project/CS349-temporal-index-join/src/port'
gmake -C ../../../../src/common all
gmake[5]: Entering directory '/home/kaushal/Documents/dbis_project/CS349-temporal-index-join/src/common'
gmake[5]: Nothing to be done for 'all'.
gmake[5]: Leaving directory '/home/kaushal/Documents/dbis_project/CS349-temporal-index-join/src/common'
/usr/bin/mkdir -p '/home/kaushal/Documents/dbis_project/CS349-temporal-index-join/install/bin'
/usr/bin/install -c  ecpg '/home/kaushal/Documents/dbis_project/CS349-temporal-index-join/install/bin'
gmake[4]: Leaving directory '/home/kaushal/Documents/dbis_project/CS349-temporal-index-join/src/interfaces/ecpg/preproc'
gmake[3]: Leaving directory '/home/kaushal/Documents/dbis_project/CS349-temporal-index-join/src/interfaces/ecpg'
gmake[2]: Leaving directory '/home/kaushal/Documents/dbis_project/CS349-temporal-index-join/src/interfaces'
gmake -C backend/replication/libpqwalreceiver install
gmake[2]: Entering directory '/home/kaushal/Documents/dbis_project/CS349-temporal-index-join/src/backend/replication/libpqwalreceiver'
gmake -C ../../../../src/interfaces/libpq all
gmake[3]: Entering directory '/home/kaushal/Documents/dbis_project/CS349-temporal-index-join/src/interfaces/libpq'
gmake -C ../../../src/port all
gmake[4]: Entering directory '/home/kaushal/Documents/dbis_project/CS349-temporal-index-join/src/port'
gmake[4]: Nothing to be done for 'all'.
gmake[4]: Leaving directory '/home/kaushal/Documents/dbis_project/CS349-temporal-index-join/src/port'
gmake -C ../../../src/common all
gmake[4]: Entering directory '/home/kaushal/Documents/dbis_project/CS349-temporal-index-join/src/common'
gmake[4]: Nothing to be done for 'all'.
gmake[4]: Leaving directory '/home/kaushal/Documents/dbis_project/CS349-temporal-index-join/src/common'
gmake[3]: Leaving directory '/home/kaushal/Documents/dbis_project/CS349-temporal-index-join/src/interfaces/libpq'
/usr/bin/mkdir -p '/home/kaushal/Documents/dbis_project/CS349-temporal-index-join/install/lib/postgresql'
/usr/bin/install -c -m 755  libpqwalreceiver.so '/home/kaushal/Documents/dbis_project/CS349-temporal-index-join/install/lib/postgresql/libpqwalreceiver.so'
gmake[2]: Leaving directory '/home/kaushal/Documents/dbis_project/CS349-temporal-index-join/src/backend/replication/libpqwalreceiver'
gmake -C backend/replication/pgoutput install
gmake[2]: Entering directory '/home/kaushal/Documents/dbis_project/CS349-temporal-index-join/src/backend/replication/pgoutput'
/usr/bin/mkdir -p '/home/kaushal/Documents/dbis_project/CS349-temporal-index-join/install/lib/postgresql'
/usr/bin/install -c -m 755  pgoutput.so '/home/kaushal/Documents/dbis_project/CS349-temporal-index-join/install/lib/postgresql/pgoutput.so'
gmake[2]: Leaving directory '/home/kaushal/Documents/dbis_project/CS349-temporal-index-join/src/backend/replication/pgoutput'
gmake -C fe_utils install
gmake[2]: Entering directory '/home/kaushal/Documents/dbis_project/CS349-temporal-index-join/src/fe_utils'
/usr/bin/mkdir -p '/home/kaushal/Documents/dbis_project/CS349-temporal-index-join/install/lib'
/usr/bin/install -c -m 644  libpgfeutils.a '/home/kaushal/Documents/dbis_project/CS349-temporal-index-join/install/lib/libpgfeutils.a'
gmake[2]: Leaving directory '/home/kaushal/Documents/dbis_project/CS349-temporal-index-join/src/fe_utils'
gmake -C bin install
gmake[2]: Entering directory '/home/kaushal/Documents/dbis_project/CS349-temporal-index-join/src/bin'
gmake -C initdb install
gmake[3]: Entering directory '/home/kaushal/Documents/dbis_project/CS349-temporal-index-join/src/bin/initdb'
gmake -C ../../../src/interfaces/libpq all
gmake[4]: Entering directory '/home/kaushal/Documents/dbis_project/CS349-temporal-index-join/src/interfaces/libpq'
gmake -C ../../../src/port all
gmake[5]: Entering directory '/home/kaushal/Documents/dbis_project/CS349-temporal-index-join/src/port'
gmake[5]: Nothing to be done for 'all'.
gmake[5]: Leaving directory '/home/kaushal/Documents/dbis_project/CS349-temporal-index-join/src/port'
gmake -C ../../../src/common all
gmake[5]: Entering directory '/home/kaushal/Documents/dbis_project/CS349-temporal-index-join/src/common'
gmake[5]: Nothing to be done for 'all'.
gmake[5]: Leaving directory '/home/kaushal/Documents/dbis_project/CS349-temporal-index-join/src/common'
gmake[4]: Leaving directory '/home/kaushal/Documents/dbis_project/CS349-temporal-index-join/src/interfaces/libpq'
gmake -C ../../../src/port all
gmake[4]: Entering directory '/home/kaushal/Documents/dbis_project/CS349-temporal-index-join/src/port'
gmake[4]: Nothing to be done for 'all'.
gmake[4]: Leaving directory '/home/kaushal/Documents/dbis_project/CS349-temporal-index-join/src/port'
gmake -C ../../../src/common all
gmake[4]: Entering directory '/home/kaushal/Documents/dbis_project/CS349-temporal-index-join/src/common'
gmake[4]: Nothing to be done for 'all'.
gmake[4]: Leaving directory '/home/kaushal/Documents/dbis_project/CS349-temporal-index-join/src/common'
gmake -C ../../../src/port all
gmake[4]: Entering directory '/home/kaushal/Documents/dbis_project/CS349-temporal-index-join/src/port'
gmake[4]: Nothing to be done for 'all'.
gmake[4]: Leaving directory '/home/kaushal/Documents/dbis_project/CS349-temporal-index-join/src/port'
gmake -C ../../../src/common all
gmake[4]: Entering directory '/home/kaushal/Documents/dbis_project/CS349-temporal-index-join/src/common'
gmake[4]: Nothing to be done for 'all'.
gmake[4]: Leaving directory '/home/kaushal/Documents/dbis_project/CS349-temporal-index-join/src/common'
gmake -C ../../../src/fe_utils all
gmake[4]: Entering directory '/home/kaushal/Documents/dbis_project/CS349-temporal-index-join/src/fe_utils'
gmake[4]: Nothing to be done for 'all'.
gmake[4]: Leaving directory '/home/kaushal/Documents/dbis_project/CS349-temporal-index-join/src/fe_utils'
/usr/bin/mkdir -p '/home/kaushal/Documents/dbis_project/CS349-temporal-index-join/install/bin'
/usr/bin/install -c  initdb '/home/kaushal/Documents/dbis_project/CS349-temporal-index-join/install/bin/initdb'
gmake[3]: Leaving directory '/home/kaushal/Documents/dbis_project/CS349-temporal-index-join/src/bin/initdb'
gmake -C pg_amcheck install
gmake[3]: Entering directory '/home/kaushal/Documents/dbis_project/CS349-temporal-index-join/src/bin/pg_amcheck'
gmake -C ../../../src/interfaces/libpq all
gmake[4]: Entering directory '/home/kaushal/Documents/dbis_project/CS349-temporal-index-join/src/interfaces/libpq'
gmake -C ../../../src/port all
gmake[5]: Entering directory '/home/kaushal/Documents/dbis_project/CS349-temporal-index-join/src/port'
gmake[5]: Nothing to be done for 'all'.
gmake[5]: Leaving directory '/home/kaushal/Documents/dbis_project/CS349-temporal-index-join/src/port'
gmake -C ../../../src/common all
gmake[5]: Entering directory '/home/kaushal/Documents/dbis_project/CS349-temporal-index-join/src/common'
gmake[5]: Nothing to be done for 'all'.
gmake[5]: Leaving directory '/home/kaushal/Documents/dbis_project/CS349-temporal-index-join/src/common'
gmake[4]: Leaving directory '/home/kaushal/Documents/dbis_project/CS349-temporal-index-join/src/interfaces/libpq'
gmake -C ../../../src/port all
gmake[4]: Entering directory '/home/kaushal/Documents/dbis_project/CS349-temporal-index-join/src/port'
gmake[4]: Nothing to be done for 'all'.
gmake[4]: Leaving directory '/home/kaushal/Documents/dbis_project/CS349-temporal-index-join/src/port'
gmake -C ../../../src/common all
gmake[4]: Entering directory '/home/kaushal/Documents/dbis_project/CS349-temporal-index-join/src/common'
gmake[4]: Nothing to be done for 'all'.
gmake[4]: Leaving directory '/home/kaushal/Documents/dbis_project/CS349-temporal-index-join/src/common'
gmake -C ../../../src/port all
gmake[4]: Entering directory '/home/kaushal/Documents/dbis_project/CS349-temporal-index-join/src/port'
gmake[4]: Nothing to be done for 'all'.
gmake[4]: Leaving directory '/home/kaushal/Documents/dbis_project/CS349-temporal-index-join/src/port'
gmake -C ../../../src/common all
gmake[4]: Entering directory '/home/kaushal/Documents/dbis_project/CS349-temporal-index-join/src/common'
gmake[4]: Nothing to be done for 'all'.
gmake[4]: Leaving directory '/home/kaushal/Documents/dbis_project/CS349-temporal-index-join/src/common'
gmake -C ../../../src/fe_utils all
gmake[4]: Entering directory '/home/kaushal/Documents/dbis_project/CS349-temporal-index-join/src/fe_utils'
gmake[4]: Nothing to be done for 'all'.
gmake[4]: Leaving directory '/home/kaushal/Documents/dbis_project/CS349-temporal-index-join/src/fe_utils'
/usr/bin/mkdir -p '/home/kaushal/Documents/dbis_project/CS349-temporal-index-join/install/bin'
/usr/bin/install -c  pg_amcheck '/home/kaushal/Documents/dbis_project/CS349-temporal-index-join/install/bin/pg_amcheck'
gmake[3]: Leaving directory '/home/kaushal/Documents/dbis_project/CS349-temporal-index-join/src/bin/pg_amcheck'
gmake -C pg_archivecleanup install
gmake[3]: Entering directory '/home/kaushal/Documents/dbis_project/CS349-temporal-index-join/src/bin/pg_archivecleanup'
gmake -C ../../../src/port all
gmake[4]: Entering directory '/home/kaushal/Documents/dbis_project/CS349-temporal-index-join/src/port'
gmake[4]: Nothing to be done for 'all'.
gmake[4]: Leaving directory '/home/kaushal/Documents/dbis_project/CS349-temporal-index-join/src/port'
gmake -C ../../../src/common all
gmake[4]: Entering directory '/home/kaushal/Documents/dbis_project/CS349-temporal-index-join/src/common'
gmake[4]: Nothing to be done for 'all'.
gmake[4]: Leaving directory '/home/kaushal/Documents/dbis_project/CS349-temporal-index-join/src/common'
/usr/bin/mkdir -p '/home/kaushal/Documents/dbis_project/CS349-temporal-index-join/install/bin'
/usr/bin/install -c  pg_archivecleanup '/home/kaushal/Documents/dbis_project/CS349-temporal-index-join/install/bin/pg_archivecleanup'
gmake[3]: Leaving directory '/home/kaushal/Documents/dbis_project/CS349-temporal-index-join/src/bin/pg_archivecleanup'
gmake -C pg_basebackup install
gmake[3]: Entering directory '/home/kaushal/Documents/dbis_project/CS349-temporal-index-join/src/bin/pg_basebackup'
gmake -C ../../../src/interfaces/libpq all
gmake[4]: Entering directory '/home/kaushal/Documents/dbis_project/CS349-temporal-index-join/src/interfaces/libpq'
gmake -C ../../../src/port all
gmake[5]: Entering directory '/home/kaushal/Documents/dbis_project/CS349-temporal-index-join/src/port'
gmake[5]: Nothing to be done for 'all'.
gmake[5]: Leaving directory '/home/kaushal/Documents/dbis_project/CS349-temporal-index-join/src/port'
gmake -C ../../../src/common all
gmake[5]: Entering directory '/home/kaushal/Documents/dbis_project/CS349-temporal-index-join/src/common'
gmake[5]: Nothing to be done for 'all'.
gmake[5]: Leaving directory '/home/kaushal/Documents/dbis_project/CS349-temporal-index-join/src/common'
gmake[4]: Leaving directory '/home/kaushal/Documents/dbis_project/CS349-temporal-index-join/src/interfaces/libpq'
gmake -C ../../../src/port all
gmake[4]: Entering directory '/home/kaushal/Documents/dbis_project/CS349-temporal-index-join/src/port'
gmake[4]: Nothing to be done for 'all'.
gmake[4]: Leaving directory '/home/kaushal/Documents/dbis_project/CS349-temporal-index-join/src/port'
gmake -C ../../../src/common all
gmake[4]: Entering directory '/home/kaushal/Documents/dbis_project/CS349-temporal-index-join/src/common'
gmake[4]: Nothing to be done for 'all'.
gmake[4]: Leaving directory '/home/kaushal/Documents/dbis_project/CS349-temporal-index-join/src/common'
gmake -C ../../../src/port all
gmake[4]: Entering directory '/home/kaushal/Documents/dbis_project/CS349-temporal-index-join/src/port'
gmake[4]: Nothing to be done for 'all'.
gmake[4]: Leaving directory '/home/kaushal/Documents/dbis_project/CS349-temporal-index-join/src/port'
gmake -C ../../../src/common all
gmake[4]: Entering directory '/home/kaushal/Documents/dbis_project/CS349-temporal-index-join/src/common'
gmake[4]: Nothing to be done for 'all'.
gmake[4]: Leaving directory '/home/kaushal/Documents/dbis_project/CS349-temporal-index-join/src/common'
gmake -C ../../../src/fe_utils all
gmake[4]: Entering directory '/home/kaushal/Documents/dbis_project/CS349-temporal-index-join/src/fe_utils'
gmake[4]: Nothing to be done for 'all'.
gmake[4]: Leaving directory '/home/kaushal/Documents/dbis_project/CS349-temporal-index-join/src/fe_utils'
/usr/bin/mkdir -p '/home/kaushal/Documents/dbis_project/CS349-temporal-index-join/install/bin'
/usr/bin/install -c  pg_basebackup '/home/kaushal/Documents/dbis_project/CS349-temporal-index-join/install/bin/pg_basebackup'
/usr/bin/install -c  pg_createsubscriber '/home/kaushal/Documents/dbis_project/CS349-temporal-index-join/install/bin/pg_createsubscriber'
/usr/bin/install -c  pg_receivewal '/home/kaushal/Documents/dbis_project/CS349-temporal-index-join/install/bin/pg_receivewal'
/usr/bin/install -c  pg_recvlogical '/home/kaushal/Documents/dbis_project/CS349-temporal-index-join/install/bin/pg_recvlogical'
gmake[3]: Leaving directory '/home/kaushal/Documents/dbis_project/CS349-temporal-index-join/src/bin/pg_basebackup'
gmake -C pg_checksums install
gmake[3]: Entering directory '/home/kaushal/Documents/dbis_project/CS349-temporal-index-join/src/bin/pg_checksums'
gmake -C ../../../src/port all
gmake[4]: Entering directory '/home/kaushal/Documents/dbis_project/CS349-temporal-index-join/src/port'
gmake[4]: Nothing to be done for 'all'.
gmake[4]: Leaving directory '/home/kaushal/Documents/dbis_project/CS349-temporal-index-join/src/port'
gmake -C ../../../src/common all
gmake[4]: Entering directory '/home/kaushal/Documents/dbis_project/CS349-temporal-index-join/src/common'
gmake[4]: Nothing to be done for 'all'.
gmake[4]: Leaving directory '/home/kaushal/Documents/dbis_project/CS349-temporal-index-join/src/common'
/usr/bin/mkdir -p '/home/kaushal/Documents/dbis_project/CS349-temporal-index-join/install/bin'
/usr/bin/install -c  pg_checksums '/home/kaushal/Documents/dbis_project/CS349-temporal-index-join/install/bin/pg_checksums'
gmake[3]: Leaving directory '/home/kaushal/Documents/dbis_project/CS349-temporal-index-join/src/bin/pg_checksums'
gmake -C pg_combinebackup install
gmake[3]: Entering directory '/home/kaushal/Documents/dbis_project/CS349-temporal-index-join/src/bin/pg_combinebackup'
gmake -C ../../../src/port all
gmake[4]: Entering directory '/home/kaushal/Documents/dbis_project/CS349-temporal-index-join/src/port'
gmake[4]: Nothing to be done for 'all'.
gmake[4]: Leaving directory '/home/kaushal/Documents/dbis_project/CS349-temporal-index-join/src/port'
gmake -C ../../../src/common all
gmake[4]: Entering directory '/home/kaushal/Documents/dbis_project/CS349-temporal-index-join/src/common'
gmake[4]: Nothing to be done for 'all'.
gmake[4]: Leaving directory '/home/kaushal/Documents/dbis_project/CS349-temporal-index-join/src/common'
gmake -C ../../../src/port all
gmake[4]: Entering directory '/home/kaushal/Documents/dbis_project/CS349-temporal-index-join/src/port'
gmake[4]: Nothing to be done for 'all'.
gmake[4]: Leaving directory '/home/kaushal/Documents/dbis_project/CS349-temporal-index-join/src/port'
gmake -C ../../../src/common all
gmake[4]: Entering directory '/home/kaushal/Documents/dbis_project/CS349-temporal-index-join/src/common'
gmake[4]: Nothing to be done for 'all'.
gmake[4]: Leaving directory '/home/kaushal/Documents/dbis_project/CS349-temporal-index-join/src/common'
gmake -C ../../../src/fe_utils all
gmake[4]: Entering directory '/home/kaushal/Documents/dbis_project/CS349-temporal-index-join/src/fe_utils'
gmake[4]: Nothing to be done for 'all'.
gmake[4]: Leaving directory '/home/kaushal/Documents/dbis_project/CS349-temporal-index-join/src/fe_utils'
/usr/bin/mkdir -p '/home/kaushal/Documents/dbis_project/CS349-temporal-index-join/install/bin'
/usr/bin/install -c  pg_combinebackup '/home/kaushal/Documents/dbis_project/CS349-temporal-index-join/install/bin/pg_combinebackup'
gmake[3]: Leaving directory '/home/kaushal/Documents/dbis_project/CS349-temporal-index-join/src/bin/pg_combinebackup'
gmake -C pg_config install
gmake[3]: Entering directory '/home/kaushal/Documents/dbis_project/CS349-temporal-index-join/src/bin/pg_config'
gmake -C ../../../src/port all
gmake[4]: Entering directory '/home/kaushal/Documents/dbis_project/CS349-temporal-index-join/src/port'
gmake[4]: Nothing to be done for 'all'.
gmake[4]: Leaving directory '/home/kaushal/Documents/dbis_project/CS349-temporal-index-join/src/port'
gmake -C ../../../src/common all
gmake[4]: Entering directory '/home/kaushal/Documents/dbis_project/CS349-temporal-index-join/src/common'
gmake[4]: Nothing to be done for 'all'.
gmake[4]: Leaving directory '/home/kaushal/Documents/dbis_project/CS349-temporal-index-join/src/common'
/usr/bin/mkdir -p '/home/kaushal/Documents/dbis_project/CS349-temporal-index-join/install/bin'
/usr/bin/install -c -m 755 pg_config '/home/kaushal/Documents/dbis_project/CS349-temporal-index-join/install/bin/pg_config'
gmake[3]: Leaving directory '/home/kaushal/Documents/dbis_project/CS349-temporal-index-join/src/bin/pg_config'
gmake -C pg_controldata install
gmake[3]: Entering directory '/home/kaushal/Documents/dbis_project/CS349-temporal-index-join/src/bin/pg_controldata'
gmake -C ../../../src/port all
gmake[4]: Entering directory '/home/kaushal/Documents/dbis_project/CS349-temporal-index-join/src/port'
gmake[4]: Nothing to be done for 'all'.
gmake[4]: Leaving directory '/home/kaushal/Documents/dbis_project/CS349-temporal-index-join/src/port'
gmake -C ../../../src/common all
gmake[4]: Entering directory '/home/kaushal/Documents/dbis_project/CS349-temporal-index-join/src/common'
gmake[4]: Nothing to be done for 'all'.
gmake[4]: Leaving directory '/home/kaushal/Documents/dbis_project/CS349-temporal-index-join/src/common'
/usr/bin/mkdir -p '/home/kaushal/Documents/dbis_project/CS349-temporal-index-join/install/bin'
/usr/bin/install -c  pg_controldata '/home/kaushal/Documents/dbis_project/CS349-temporal-index-join/install/bin/pg_controldata'
gmake[3]: Leaving directory '/home/kaushal/Documents/dbis_project/CS349-temporal-index-join/src/bin/pg_controldata'
gmake -C pg_ctl install
gmake[3]: Entering directory '/home/kaushal/Documents/dbis_project/CS349-temporal-index-join/src/bin/pg_ctl'
gmake -C ../../../src/port all
gmake[4]: Entering directory '/home/kaushal/Documents/dbis_project/CS349-temporal-index-join/src/port'
gmake[4]: Nothing to be done for 'all'.
gmake[4]: Leaving directory '/home/kaushal/Documents/dbis_project/CS349-temporal-index-join/src/port'
gmake -C ../../../src/common all
gmake[4]: Entering directory '/home/kaushal/Documents/dbis_project/CS349-temporal-index-join/src/common'
gmake[4]: Nothing to be done for 'all'.
gmake[4]: Leaving directory '/home/kaushal/Documents/dbis_project/CS349-temporal-index-join/src/common'
/usr/bin/mkdir -p '/home/kaushal/Documents/dbis_project/CS349-temporal-index-join/install/bin'
/usr/bin/install -c  pg_ctl '/home/kaushal/Documents/dbis_project/CS349-temporal-index-join/install/bin/pg_ctl'
gmake[3]: Leaving directory '/home/kaushal/Documents/dbis_project/CS349-temporal-index-join/src/bin/pg_ctl'
gmake -C pg_dump install
gmake[3]: Entering directory '/home/kaushal/Documents/dbis_project/CS349-temporal-index-join/src/bin/pg_dump'
gmake -C ../../../src/interfaces/libpq all
gmake[4]: Entering directory '/home/kaushal/Documents/dbis_project/CS349-temporal-index-join/src/interfaces/libpq'
gmake -C ../../../src/port all
gmake[5]: Entering directory '/home/kaushal/Documents/dbis_project/CS349-temporal-index-join/src/port'
gmake[5]: Nothing to be done for 'all'.
gmake[5]: Leaving directory '/home/kaushal/Documents/dbis_project/CS349-temporal-index-join/src/port'
gmake -C ../../../src/common all
gmake[5]: Entering directory '/home/kaushal/Documents/dbis_project/CS349-temporal-index-join/src/common'
gmake[5]: Nothing to be done for 'all'.
gmake[5]: Leaving directory '/home/kaushal/Documents/dbis_project/CS349-temporal-index-join/src/common'
gmake[4]: Leaving directory '/home/kaushal/Documents/dbis_project/CS349-temporal-index-join/src/interfaces/libpq'
gmake -C ../../../src/port all
gmake[4]: Entering directory '/home/kaushal/Documents/dbis_project/CS349-temporal-index-join/src/port'
gmake[4]: Nothing to be done for 'all'.
gmake[4]: Leaving directory '/home/kaushal/Documents/dbis_project/CS349-temporal-index-join/src/port'
gmake -C ../../../src/common all
gmake[4]: Entering directory '/home/kaushal/Documents/dbis_project/CS349-temporal-index-join/src/common'
gmake[4]: Nothing to be done for 'all'.
gmake[4]: Leaving directory '/home/kaushal/Documents/dbis_project/CS349-temporal-index-join/src/common'
gmake -C ../../../src/port all
gmake[4]: Entering directory '/home/kaushal/Documents/dbis_project/CS349-temporal-index-join/src/port'
gmake[4]: Nothing to be done for 'all'.
gmake[4]: Leaving directory '/home/kaushal/Documents/dbis_project/CS349-temporal-index-join/src/port'
gmake -C ../../../src/common all
gmake[4]: Entering directory '/home/kaushal/Documents/dbis_project/CS349-temporal-index-join/src/common'
gmake[4]: Nothing to be done for 'all'.
gmake[4]: Leaving directory '/home/kaushal/Documents/dbis_project/CS349-temporal-index-join/src/common'
gmake -C ../../../src/fe_utils all
gmake[4]: Entering directory '/home/kaushal/Documents/dbis_project/CS349-temporal-index-join/src/fe_utils'
gmake[4]: Nothing to be done for 'all'.
gmake[4]: Leaving directory '/home/kaushal/Documents/dbis_project/CS349-temporal-index-join/src/fe_utils'
/usr/bin/mkdir -p '/home/kaushal/Documents/dbis_project/CS349-temporal-index-join/install/bin'
/usr/bin/install -c  pg_dump '/home/kaushal/Documents/dbis_project/CS349-temporal-index-join/install/bin'/pg_dump
/usr/bin/install -c  pg_restore '/home/kaushal/Documents/dbis_project/CS349-temporal-index-join/install/bin'/pg_restore
/usr/bin/install -c  pg_dumpall '/home/kaushal/Documents/dbis_project/CS349-temporal-index-join/install/bin'/pg_dumpall
gmake[3]: Leaving directory '/home/kaushal/Documents/dbis_project/CS349-temporal-index-join/src/bin/pg_dump'
gmake -C pg_resetwal install
gmake[3]: Entering directory '/home/kaushal/Documents/dbis_project/CS349-temporal-index-join/src/bin/pg_resetwal'
gmake -C ../../../src/port all
gmake[4]: Entering directory '/home/kaushal/Documents/dbis_project/CS349-temporal-index-join/src/port'
gmake[4]: Nothing to be done for 'all'.
gmake[4]: Leaving directory '/home/kaushal/Documents/dbis_project/CS349-temporal-index-join/src/port'
gmake -C ../../../src/common all
gmake[4]: Entering directory '/home/kaushal/Documents/dbis_project/CS349-temporal-index-join/src/common'
gmake[4]: Nothing to be done for 'all'.
gmake[4]: Leaving directory '/home/kaushal/Documents/dbis_project/CS349-temporal-index-join/src/common'
/usr/bin/mkdir -p '/home/kaushal/Documents/dbis_project/CS349-temporal-index-join/install/bin'
/usr/bin/install -c  pg_resetwal '/home/kaushal/Documents/dbis_project/CS349-temporal-index-join/install/bin/pg_resetwal'
gmake[3]: Leaving directory '/home/kaushal/Documents/dbis_project/CS349-temporal-index-join/src/bin/pg_resetwal'
gmake -C pg_rewind install
gmake[3]: Entering directory '/home/kaushal/Documents/dbis_project/CS349-temporal-index-join/src/bin/pg_rewind'
gmake -C ../../../src/interfaces/libpq all
gmake[4]: Entering directory '/home/kaushal/Documents/dbis_project/CS349-temporal-index-join/src/interfaces/libpq'
gmake -C ../../../src/port all
gmake[5]: Entering directory '/home/kaushal/Documents/dbis_project/CS349-temporal-index-join/src/port'
gmake[5]: Nothing to be done for 'all'.
gmake[5]: Leaving directory '/home/kaushal/Documents/dbis_project/CS349-temporal-index-join/src/port'
gmake -C ../../../src/common all
gmake[5]: Entering directory '/home/kaushal/Documents/dbis_project/CS349-temporal-index-join/src/common'
gmake[5]: Nothing to be done for 'all'.
gmake[5]: Leaving directory '/home/kaushal/Documents/dbis_project/CS349-temporal-index-join/src/common'
gmake[4]: Leaving directory '/home/kaushal/Documents/dbis_project/CS349-temporal-index-join/src/interfaces/libpq'
gmake -C ../../../src/port all
gmake[4]: Entering directory '/home/kaushal/Documents/dbis_project/CS349-temporal-index-join/src/port'
gmake[4]: Nothing to be done for 'all'.
gmake[4]: Leaving directory '/home/kaushal/Documents/dbis_project/CS349-temporal-index-join/src/port'
gmake -C ../../../src/common all
gmake[4]: Entering directory '/home/kaushal/Documents/dbis_project/CS349-temporal-index-join/src/common'
gmake[4]: Nothing to be done for 'all'.
gmake[4]: Leaving directory '/home/kaushal/Documents/dbis_project/CS349-temporal-index-join/src/common'
/usr/bin/mkdir -p '/home/kaushal/Documents/dbis_project/CS349-temporal-index-join/install/bin'
/usr/bin/install -c  pg_rewind '/home/kaushal/Documents/dbis_project/CS349-temporal-index-join/install/bin/pg_rewind'
gmake[3]: Leaving directory '/home/kaushal/Documents/dbis_project/CS349-temporal-index-join/src/bin/pg_rewind'
gmake -C pg_test_fsync install
gmake[3]: Entering directory '/home/kaushal/Documents/dbis_project/CS349-temporal-index-join/src/bin/pg_test_fsync'
gmake -C ../../../src/port all
gmake[4]: Entering directory '/home/kaushal/Documents/dbis_project/CS349-temporal-index-join/src/port'
gmake[4]: Nothing to be done for 'all'.
gmake[4]: Leaving directory '/home/kaushal/Documents/dbis_project/CS349-temporal-index-join/src/port'
gmake -C ../../../src/common all
gmake[4]: Entering directory '/home/kaushal/Documents/dbis_project/CS349-temporal-index-join/src/common'
gmake[4]: Nothing to be done for 'all'.
gmake[4]: Leaving directory '/home/kaushal/Documents/dbis_project/CS349-temporal-index-join/src/common'
/usr/bin/mkdir -p '/home/kaushal/Documents/dbis_project/CS349-temporal-index-join/install/bin'
/usr/bin/install -c  pg_test_fsync '/home/kaushal/Documents/dbis_project/CS349-temporal-index-join/install/bin/pg_test_fsync'
gmake[3]: Leaving directory '/home/kaushal/Documents/dbis_project/CS349-temporal-index-join/src/bin/pg_test_fsync'
gmake -C pg_test_timing install
gmake[3]: Entering directory '/home/kaushal/Documents/dbis_project/CS349-temporal-index-join/src/bin/pg_test_timing'
gmake -C ../../../src/port all
gmake[4]: Entering directory '/home/kaushal/Documents/dbis_project/CS349-temporal-index-join/src/port'
gmake[4]: Nothing to be done for 'all'.
gmake[4]: Leaving directory '/home/kaushal/Documents/dbis_project/CS349-temporal-index-join/src/port'
gmake -C ../../../src/common all
gmake[4]: Entering directory '/home/kaushal/Documents/dbis_project/CS349-temporal-index-join/src/common'
gmake[4]: Nothing to be done for 'all'.
gmake[4]: Leaving directory '/home/kaushal/Documents/dbis_project/CS349-temporal-index-join/src/common'
/usr/bin/mkdir -p '/home/kaushal/Documents/dbis_project/CS349-temporal-index-join/install/bin'
/usr/bin/install -c  pg_test_timing '/home/kaushal/Documents/dbis_project/CS349-temporal-index-join/install/bin/pg_test_timing'
gmake[3]: Leaving directory '/home/kaushal/Documents/dbis_project/CS349-temporal-index-join/src/bin/pg_test_timing'
gmake -C pg_upgrade install
gmake[3]: Entering directory '/home/kaushal/Documents/dbis_project/CS349-temporal-index-join/src/bin/pg_upgrade'
gmake -C ../../../src/interfaces/libpq all
gmake[4]: Entering directory '/home/kaushal/Documents/dbis_project/CS349-temporal-index-join/src/interfaces/libpq'
gmake -C ../../../src/port all
gmake[5]: Entering directory '/home/kaushal/Documents/dbis_project/CS349-temporal-index-join/src/port'
gmake[5]: Nothing to be done for 'all'.
gmake[5]: Leaving directory '/home/kaushal/Documents/dbis_project/CS349-temporal-index-join/src/port'
gmake -C ../../../src/common all
gmake[5]: Entering directory '/home/kaushal/Documents/dbis_project/CS349-temporal-index-join/src/common'
gmake[5]: Nothing to be done for 'all'.
gmake[5]: Leaving directory '/home/kaushal/Documents/dbis_project/CS349-temporal-index-join/src/common'
gmake[4]: Leaving directory '/home/kaushal/Documents/dbis_project/CS349-temporal-index-join/src/interfaces/libpq'
gmake -C ../../../src/port all
gmake[4]: Entering directory '/home/kaushal/Documents/dbis_project/CS349-temporal-index-join/src/port'
gmake[4]: Nothing to be done for 'all'.
gmake[4]: Leaving directory '/home/kaushal/Documents/dbis_project/CS349-temporal-index-join/src/port'
gmake -C ../../../src/common all
gmake[4]: Entering directory '/home/kaushal/Documents/dbis_project/CS349-temporal-index-join/src/common'
gmake[4]: Nothing to be done for 'all'.
gmake[4]: Leaving directory '/home/kaushal/Documents/dbis_project/CS349-temporal-index-join/src/common'
gmake -C ../../../src/port all
gmake[4]: Entering directory '/home/kaushal/Documents/dbis_project/CS349-temporal-index-join/src/port'
gmake[4]: Nothing to be done for 'all'.
gmake[4]: Leaving directory '/home/kaushal/Documents/dbis_project/CS349-temporal-index-join/src/port'
gmake -C ../../../src/common all
gmake[4]: Entering directory '/home/kaushal/Documents/dbis_project/CS349-temporal-index-join/src/common'
gmake[4]: Nothing to be done for 'all'.
gmake[4]: Leaving directory '/home/kaushal/Documents/dbis_project/CS349-temporal-index-join/src/common'
gmake -C ../../../src/fe_utils all
gmake[4]: Entering directory '/home/kaushal/Documents/dbis_project/CS349-temporal-index-join/src/fe_utils'
gmake[4]: Nothing to be done for 'all'.
gmake[4]: Leaving directory '/home/kaushal/Documents/dbis_project/CS349-temporal-index-join/src/fe_utils'
/usr/bin/mkdir -p '/home/kaushal/Documents/dbis_project/CS349-temporal-index-join/install/bin'
/usr/bin/install -c  pg_upgrade '/home/kaushal/Documents/dbis_project/CS349-temporal-index-join/install/bin/pg_upgrade'
gmake[3]: Leaving directory '/home/kaushal/Documents/dbis_project/CS349-temporal-index-join/src/bin/pg_upgrade'
gmake -C pg_verifybackup install
gmake[3]: Entering directory '/home/kaushal/Documents/dbis_project/CS349-temporal-index-join/src/bin/pg_verifybackup'
gmake -C ../../../src/interfaces/libpq all
gmake[4]: Entering directory '/home/kaushal/Documents/dbis_project/CS349-temporal-index-join/src/interfaces/libpq'
gmake -C ../../../src/port all
gmake[5]: Entering directory '/home/kaushal/Documents/dbis_project/CS349-temporal-index-join/src/port'
gmake[5]: Nothing to be done for 'all'.
gmake[5]: Leaving directory '/home/kaushal/Documents/dbis_project/CS349-temporal-index-join/src/port'
gmake -C ../../../src/common all
gmake[5]: Entering directory '/home/kaushal/Documents/dbis_project/CS349-temporal-index-join/src/common'
gmake[5]: Nothing to be done for 'all'.
gmake[5]: Leaving directory '/home/kaushal/Documents/dbis_project/CS349-temporal-index-join/src/common'
gmake[4]: Leaving directory '/home/kaushal/Documents/dbis_project/CS349-temporal-index-join/src/interfaces/libpq'
gmake -C ../../../src/port all
gmake[4]: Entering directory '/home/kaushal/Documents/dbis_project/CS349-temporal-index-join/src/port'
gmake[4]: Nothing to be done for 'all'.
gmake[4]: Leaving directory '/home/kaushal/Documents/dbis_project/CS349-temporal-index-join/src/port'
gmake -C ../../../src/common all
gmake[4]: Entering directory '/home/kaushal/Documents/dbis_project/CS349-temporal-index-join/src/common'
gmake[4]: Nothing to be done for 'all'.
gmake[4]: Leaving directory '/home/kaushal/Documents/dbis_project/CS349-temporal-index-join/src/common'
gmake -C ../../../src/port all
gmake[4]: Entering directory '/home/kaushal/Documents/dbis_project/CS349-temporal-index-join/src/port'
gmake[4]: Nothing to be done for 'all'.
gmake[4]: Leaving directory '/home/kaushal/Documents/dbis_project/CS349-temporal-index-join/src/port'
gmake -C ../../../src/common all
gmake[4]: Entering directory '/home/kaushal/Documents/dbis_project/CS349-temporal-index-join/src/common'
gmake[4]: Nothing to be done for 'all'.
gmake[4]: Leaving directory '/home/kaushal/Documents/dbis_project/CS349-temporal-index-join/src/common'
gmake -C ../../../src/fe_utils all
gmake[4]: Entering directory '/home/kaushal/Documents/dbis_project/CS349-temporal-index-join/src/fe_utils'
gmake[4]: Nothing to be done for 'all'.
gmake[4]: Leaving directory '/home/kaushal/Documents/dbis_project/CS349-temporal-index-join/src/fe_utils'
/usr/bin/mkdir -p '/home/kaushal/Documents/dbis_project/CS349-temporal-index-join/install/bin'
/usr/bin/install -c  pg_verifybackup '/home/kaushal/Documents/dbis_project/CS349-temporal-index-join/install/bin/pg_verifybackup'
gmake[3]: Leaving directory '/home/kaushal/Documents/dbis_project/CS349-temporal-index-join/src/bin/pg_verifybackup'
gmake -C pg_waldump install
gmake[3]: Entering directory '/home/kaushal/Documents/dbis_project/CS349-temporal-index-join/src/bin/pg_waldump'
gmake -C ../../../src/port all
gmake[4]: Entering directory '/home/kaushal/Documents/dbis_project/CS349-temporal-index-join/src/port'
gmake[4]: Nothing to be done for 'all'.
gmake[4]: Leaving directory '/home/kaushal/Documents/dbis_project/CS349-temporal-index-join/src/port'
gmake -C ../../../src/common all
gmake[4]: Entering directory '/home/kaushal/Documents/dbis_project/CS349-temporal-index-join/src/common'
gmake[4]: Nothing to be done for 'all'.
gmake[4]: Leaving directory '/home/kaushal/Documents/dbis_project/CS349-temporal-index-join/src/common'
/usr/bin/mkdir -p '/home/kaushal/Documents/dbis_project/CS349-temporal-index-join/install/bin'
/usr/bin/install -c  pg_waldump '/home/kaushal/Documents/dbis_project/CS349-temporal-index-join/install/bin/pg_waldump'
gmake[3]: Leaving directory '/home/kaushal/Documents/dbis_project/CS349-temporal-index-join/src/bin/pg_waldump'
gmake -C pg_walsummary install
gmake[3]: Entering directory '/home/kaushal/Documents/dbis_project/CS349-temporal-index-join/src/bin/pg_walsummary'
gmake -C ../../../src/port all
gmake[4]: Entering directory '/home/kaushal/Documents/dbis_project/CS349-temporal-index-join/src/port'
gmake[4]: Nothing to be done for 'all'.
gmake[4]: Leaving directory '/home/kaushal/Documents/dbis_project/CS349-temporal-index-join/src/port'
gmake -C ../../../src/common all
gmake[4]: Entering directory '/home/kaushal/Documents/dbis_project/CS349-temporal-index-join/src/common'
gmake[4]: Nothing to be done for 'all'.
gmake[4]: Leaving directory '/home/kaushal/Documents/dbis_project/CS349-temporal-index-join/src/common'
gmake -C ../../../src/port all
gmake[4]: Entering directory '/home/kaushal/Documents/dbis_project/CS349-temporal-index-join/src/port'
gmake[4]: Nothing to be done for 'all'.
gmake[4]: Leaving directory '/home/kaushal/Documents/dbis_project/CS349-temporal-index-join/src/port'
gmake -C ../../../src/common all
gmake[4]: Entering directory '/home/kaushal/Documents/dbis_project/CS349-temporal-index-join/src/common'
gmake[4]: Nothing to be done for 'all'.
gmake[4]: Leaving directory '/home/kaushal/Documents/dbis_project/CS349-temporal-index-join/src/common'
gmake -C ../../../src/fe_utils all
gmake[4]: Entering directory '/home/kaushal/Documents/dbis_project/CS349-temporal-index-join/src/fe_utils'
gmake[4]: Nothing to be done for 'all'.
gmake[4]: Leaving directory '/home/kaushal/Documents/dbis_project/CS349-temporal-index-join/src/fe_utils'
/usr/bin/mkdir -p '/home/kaushal/Documents/dbis_project/CS349-temporal-index-join/install/bin'
/usr/bin/install -c  pg_walsummary '/home/kaushal/Documents/dbis_project/CS349-temporal-index-join/install/bin/pg_walsummary'
gmake[3]: Leaving directory '/home/kaushal/Documents/dbis_project/CS349-temporal-index-join/src/bin/pg_walsummary'
gmake -C pgbench install
gmake[3]: Entering directory '/home/kaushal/Documents/dbis_project/CS349-temporal-index-join/src/bin/pgbench'
gmake -C ../../../src/interfaces/libpq all
gmake[4]: Entering directory '/home/kaushal/Documents/dbis_project/CS349-temporal-index-join/src/interfaces/libpq'
gmake -C ../../../src/port all
gmake[5]: Entering directory '/home/kaushal/Documents/dbis_project/CS349-temporal-index-join/src/port'
gmake[5]: Nothing to be done for 'all'.
gmake[5]: Leaving directory '/home/kaushal/Documents/dbis_project/CS349-temporal-index-join/src/port'
gmake -C ../../../src/common all
gmake[5]: Entering directory '/home/kaushal/Documents/dbis_project/CS349-temporal-index-join/src/common'
gmake[5]: Nothing to be done for 'all'.
gmake[5]: Leaving directory '/home/kaushal/Documents/dbis_project/CS349-temporal-index-join/src/common'
gmake[4]: Leaving directory '/home/kaushal/Documents/dbis_project/CS349-temporal-index-join/src/interfaces/libpq'
gmake -C ../../../src/port all
gmake[4]: Entering directory '/home/kaushal/Documents/dbis_project/CS349-temporal-index-join/src/port'
gmake[4]: Nothing to be done for 'all'.
gmake[4]: Leaving directory '/home/kaushal/Documents/dbis_project/CS349-temporal-index-join/src/port'
gmake -C ../../../src/common all
gmake[4]: Entering directory '/home/kaushal/Documents/dbis_project/CS349-temporal-index-join/src/common'
gmake[4]: Nothing to be done for 'all'.
gmake[4]: Leaving directory '/home/kaushal/Documents/dbis_project/CS349-temporal-index-join/src/common'
gmake -C ../../../src/port all
gmake[4]: Entering directory '/home/kaushal/Documents/dbis_project/CS349-temporal-index-join/src/port'
gmake[4]: Nothing to be done for 'all'.
gmake[4]: Leaving directory '/home/kaushal/Documents/dbis_project/CS349-temporal-index-join/src/port'
gmake -C ../../../src/common all
gmake[4]: Entering directory '/home/kaushal/Documents/dbis_project/CS349-temporal-index-join/src/common'
gmake[4]: Nothing to be done for 'all'.
gmake[4]: Leaving directory '/home/kaushal/Documents/dbis_project/CS349-temporal-index-join/src/common'
gmake -C ../../../src/fe_utils all
gmake[4]: Entering directory '/home/kaushal/Documents/dbis_project/CS349-temporal-index-join/src/fe_utils'
gmake[4]: Nothing to be done for 'all'.
gmake[4]: Leaving directory '/home/kaushal/Documents/dbis_project/CS349-temporal-index-join/src/fe_utils'
/usr/bin/mkdir -p '/home/kaushal/Documents/dbis_project/CS349-temporal-index-join/install/bin'
/usr/bin/install -c  pgbench '/home/kaushal/Documents/dbis_project/CS349-temporal-index-join/install/bin/pgbench'
gmake[3]: Leaving directory '/home/kaushal/Documents/dbis_project/CS349-temporal-index-join/src/bin/pgbench'
gmake -C psql install
gmake[3]: Entering directory '/home/kaushal/Documents/dbis_project/CS349-temporal-index-join/src/bin/psql'
gmake -C ../../../src/interfaces/libpq all
gmake[4]: Entering directory '/home/kaushal/Documents/dbis_project/CS349-temporal-index-join/src/interfaces/libpq'
gmake -C ../../../src/port all
gmake[5]: Entering directory '/home/kaushal/Documents/dbis_project/CS349-temporal-index-join/src/port'
gmake[5]: Nothing to be done for 'all'.
gmake[5]: Leaving directory '/home/kaushal/Documents/dbis_project/CS349-temporal-index-join/src/port'
gmake -C ../../../src/common all
gmake[5]: Entering directory '/home/kaushal/Documents/dbis_project/CS349-temporal-index-join/src/common'
gmake[5]: Nothing to be done for 'all'.
gmake[5]: Leaving directory '/home/kaushal/Documents/dbis_project/CS349-temporal-index-join/src/common'
gmake[4]: Leaving directory '/home/kaushal/Documents/dbis_project/CS349-temporal-index-join/src/interfaces/libpq'
gmake -C ../../../src/port all
gmake[4]: Entering directory '/home/kaushal/Documents/dbis_project/CS349-temporal-index-join/src/port'
gmake[4]: Nothing to be done for 'all'.
gmake[4]: Leaving directory '/home/kaushal/Documents/dbis_project/CS349-temporal-index-join/src/port'
gmake -C ../../../src/common all
gmake[4]: Entering directory '/home/kaushal/Documents/dbis_project/CS349-temporal-index-join/src/common'
gmake[4]: Nothing to be done for 'all'.
gmake[4]: Leaving directory '/home/kaushal/Documents/dbis_project/CS349-temporal-index-join/src/common'
gmake -C ../../../src/port all
gmake[4]: Entering directory '/home/kaushal/Documents/dbis_project/CS349-temporal-index-join/src/port'
gmake[4]: Nothing to be done for 'all'.
gmake[4]: Leaving directory '/home/kaushal/Documents/dbis_project/CS349-temporal-index-join/src/port'
gmake -C ../../../src/common all
gmake[4]: Entering directory '/home/kaushal/Documents/dbis_project/CS349-temporal-index-join/src/common'
gmake[4]: Nothing to be done for 'all'.
gmake[4]: Leaving directory '/home/kaushal/Documents/dbis_project/CS349-temporal-index-join/src/common'
gmake -C ../../../src/fe_utils all
gmake[4]: Entering directory '/home/kaushal/Documents/dbis_project/CS349-temporal-index-join/src/fe_utils'
gmake[4]: Nothing to be done for 'all'.
gmake[4]: Leaving directory '/home/kaushal/Documents/dbis_project/CS349-temporal-index-join/src/fe_utils'
/usr/bin/mkdir -p '/home/kaushal/Documents/dbis_project/CS349-temporal-index-join/install/bin' '/home/kaushal/Documents/dbis_project/CS349-temporal-index-join/install/share/postgresql'
/usr/bin/install -c  psql '/home/kaushal/Documents/dbis_project/CS349-temporal-index-join/install/bin/psql'
/usr/bin/install -c -m 644 ./psqlrc.sample '/home/kaushal/Documents/dbis_project/CS349-temporal-index-join/install/share/postgresql/psqlrc.sample'
gmake[3]: Leaving directory '/home/kaushal/Documents/dbis_project/CS349-temporal-index-join/src/bin/psql'
gmake -C scripts install
gmake[3]: Entering directory '/home/kaushal/Documents/dbis_project/CS349-temporal-index-join/src/bin/scripts'
gmake -C ../../../src/interfaces/libpq all
gmake[4]: Entering directory '/home/kaushal/Documents/dbis_project/CS349-temporal-index-join/src/interfaces/libpq'
gmake -C ../../../src/port all
gmake[5]: Entering directory '/home/kaushal/Documents/dbis_project/CS349-temporal-index-join/src/port'
gmake[5]: Nothing to be done for 'all'.
gmake[5]: Leaving directory '/home/kaushal/Documents/dbis_project/CS349-temporal-index-join/src/port'
gmake -C ../../../src/common all
gmake[5]: Entering directory '/home/kaushal/Documents/dbis_project/CS349-temporal-index-join/src/common'
gmake[5]: Nothing to be done for 'all'.
gmake[5]: Leaving directory '/home/kaushal/Documents/dbis_project/CS349-temporal-index-join/src/common'
gmake[4]: Leaving directory '/home/kaushal/Documents/dbis_project/CS349-temporal-index-join/src/interfaces/libpq'
gmake -C ../../../src/port all
gmake[4]: Entering directory '/home/kaushal/Documents/dbis_project/CS349-temporal-index-join/src/port'
gmake[4]: Nothing to be done for 'all'.
gmake[4]: Leaving directory '/home/kaushal/Documents/dbis_project/CS349-temporal-index-join/src/port'
gmake -C ../../../src/common all
gmake[4]: Entering directory '/home/kaushal/Documents/dbis_project/CS349-temporal-index-join/src/common'
gmake[4]: Nothing to be done for 'all'.
gmake[4]: Leaving directory '/home/kaushal/Documents/dbis_project/CS349-temporal-index-join/src/common'
gmake -C ../../../src/port all
gmake[4]: Entering directory '/home/kaushal/Documents/dbis_project/CS349-temporal-index-join/src/port'
gmake[4]: Nothing to be done for 'all'.
gmake[4]: Leaving directory '/home/kaushal/Documents/dbis_project/CS349-temporal-index-join/src/port'
gmake -C ../../../src/common all
gmake[4]: Entering directory '/home/kaushal/Documents/dbis_project/CS349-temporal-index-join/src/common'
gmake[4]: Nothing to be done for 'all'.
gmake[4]: Leaving directory '/home/kaushal/Documents/dbis_project/CS349-temporal-index-join/src/common'
gmake -C ../../../src/fe_utils all
gmake[4]: Entering directory '/home/kaushal/Documents/dbis_project/CS349-temporal-index-join/src/fe_utils'
gmake[4]: Nothing to be done for 'all'.
gmake[4]: Leaving directory '/home/kaushal/Documents/dbis_project/CS349-temporal-index-join/src/fe_utils'
/usr/bin/mkdir -p '/home/kaushal/Documents/dbis_project/CS349-temporal-index-join/install/bin'
/usr/bin/install -c  createdb   '/home/kaushal/Documents/dbis_project/CS349-temporal-index-join/install/bin'/createdb
/usr/bin/install -c  dropdb     '/home/kaushal/Documents/dbis_project/CS349-temporal-index-join/install/bin'/dropdb
/usr/bin/install -c  createuser '/home/kaushal/Documents/dbis_project/CS349-temporal-index-join/install/bin'/createuser
/usr/bin/install -c  dropuser   '/home/kaushal/Documents/dbis_project/CS349-temporal-index-join/install/bin'/dropuser
/usr/bin/install -c  clusterdb  '/home/kaushal/Documents/dbis_project/CS349-temporal-index-join/install/bin'/clusterdb
/usr/bin/install -c  vacuumdb   '/home/kaushal/Documents/dbis_project/CS349-temporal-index-join/install/bin'/vacuumdb
/usr/bin/install -c  reindexdb  '/home/kaushal/Documents/dbis_project/CS349-temporal-index-join/install/bin'/reindexdb
/usr/bin/install -c  pg_isready '/home/kaushal/Documents/dbis_project/CS349-temporal-index-join/install/bin'/pg_isready
gmake[3]: Leaving directory '/home/kaushal/Documents/dbis_project/CS349-temporal-index-join/src/bin/scripts'
gmake[2]: Leaving directory '/home/kaushal/Documents/dbis_project/CS349-temporal-index-join/src/bin'
gmake -C pl install
gmake[2]: Entering directory '/home/kaushal/Documents/dbis_project/CS349-temporal-index-join/src/pl'
gmake -C plpgsql install
gmake[3]: Entering directory '/home/kaushal/Documents/dbis_project/CS349-temporal-index-join/src/pl/plpgsql'
gmake -C src install
gmake[4]: Entering directory '/home/kaushal/Documents/dbis_project/CS349-temporal-index-join/src/pl/plpgsql/src'
/usr/bin/mkdir -p '/home/kaushal/Documents/dbis_project/CS349-temporal-index-join/install/lib/postgresql'
/usr/bin/install -c -m 755  plpgsql.so '/home/kaushal/Documents/dbis_project/CS349-temporal-index-join/install/lib/postgresql/plpgsql.so'
/usr/bin/mkdir -p '/home/kaushal/Documents/dbis_project/CS349-temporal-index-join/install/share/postgresql/extension'
/usr/bin/mkdir -p '/home/kaushal/Documents/dbis_project/CS349-temporal-index-join/install/include/postgresql/server'
/usr/bin/install -c -m 644 ./plpgsql.control ./plpgsql--1.0.sql '/home/kaushal/Documents/dbis_project/CS349-temporal-index-join/install/share/postgresql/extension/'
/usr/bin/install -c -m 644 './plpgsql.h' '/home/kaushal/Documents/dbis_project/CS349-temporal-index-join/install/include/postgresql/server'
gmake[4]: Leaving directory '/home/kaushal/Documents/dbis_project/CS349-temporal-index-join/src/pl/plpgsql/src'
gmake[3]: Leaving directory '/home/kaushal/Documents/dbis_project/CS349-temporal-index-join/src/pl/plpgsql'
gmake[2]: Leaving directory '/home/kaushal/Documents/dbis_project/CS349-temporal-index-join/src/pl'
gmake -C makefiles install
gmake[2]: Entering directory '/home/kaushal/Documents/dbis_project/CS349-temporal-index-join/src/makefiles'
/usr/bin/mkdir -p '/home/kaushal/Documents/dbis_project/CS349-temporal-index-join/install/lib/postgresql/pgxs/src/makefiles'
/usr/bin/install -c -m 644 ./pgxs.mk '/home/kaushal/Documents/dbis_project/CS349-temporal-index-join/install/lib/postgresql/pgxs/src/makefiles/'
gmake[2]: Leaving directory '/home/kaushal/Documents/dbis_project/CS349-temporal-index-join/src/makefiles'
gmake -C test/regress install
gmake[2]: Entering directory '/home/kaushal/Documents/dbis_project/CS349-temporal-index-join/src/test/regress'
gmake -C ../../../src/port all
gmake[3]: Entering directory '/home/kaushal/Documents/dbis_project/CS349-temporal-index-join/src/port'
gmake[3]: Nothing to be done for 'all'.
gmake[3]: Leaving directory '/home/kaushal/Documents/dbis_project/CS349-temporal-index-join/src/port'
gmake -C ../../../src/common all
gmake[3]: Entering directory '/home/kaushal/Documents/dbis_project/CS349-temporal-index-join/src/common'
gmake[3]: Nothing to be done for 'all'.
gmake[3]: Leaving directory '/home/kaushal/Documents/dbis_project/CS349-temporal-index-join/src/common'
gmake -C ../../../contrib/spi
gmake[3]: Entering directory '/home/kaushal/Documents/dbis_project/CS349-temporal-index-join/contrib/spi'
gmake[3]: Nothing to be done for 'all'.
gmake[3]: Leaving directory '/home/kaushal/Documents/dbis_project/CS349-temporal-index-join/contrib/spi'
/usr/bin/mkdir -p '/home/kaushal/Documents/dbis_project/CS349-temporal-index-join/install/lib/postgresql/pgxs/src/test/regress'
/usr/bin/install -c  pg_regress '/home/kaushal/Documents/dbis_project/CS349-temporal-index-join/install/lib/postgresql/pgxs/src/test/regress/pg_regress'
gmake[2]: Leaving directory '/home/kaushal/Documents/dbis_project/CS349-temporal-index-join/src/test/regress'
gmake -C test/isolation install
gmake[2]: Entering directory '/home/kaushal/Documents/dbis_project/CS349-temporal-index-join/src/test/isolation'
gmake -C ../../../src/interfaces/libpq all
gmake[3]: Entering directory '/home/kaushal/Documents/dbis_project/CS349-temporal-index-join/src/interfaces/libpq'
gmake -C ../../../src/port all
gmake[4]: Entering directory '/home/kaushal/Documents/dbis_project/CS349-temporal-index-join/src/port'
gmake[4]: Nothing to be done for 'all'.
gmake[4]: Leaving directory '/home/kaushal/Documents/dbis_project/CS349-temporal-index-join/src/port'
gmake -C ../../../src/common all
gmake[4]: Entering directory '/home/kaushal/Documents/dbis_project/CS349-temporal-index-join/src/common'
gmake[4]: Nothing to be done for 'all'.
gmake[4]: Leaving directory '/home/kaushal/Documents/dbis_project/CS349-temporal-index-join/src/common'
gmake[3]: Leaving directory '/home/kaushal/Documents/dbis_project/CS349-temporal-index-join/src/interfaces/libpq'
gmake -C ../../../src/port all
gmake[3]: Entering directory '/home/kaushal/Documents/dbis_project/CS349-temporal-index-join/src/port'
gmake[3]: Nothing to be done for 'all'.
gmake[3]: Leaving directory '/home/kaushal/Documents/dbis_project/CS349-temporal-index-join/src/port'
gmake -C ../../../src/common all
gmake[3]: Entering directory '/home/kaushal/Documents/dbis_project/CS349-temporal-index-join/src/common'
gmake[3]: Nothing to be done for 'all'.
gmake[3]: Leaving directory '/home/kaushal/Documents/dbis_project/CS349-temporal-index-join/src/common'
/usr/bin/mkdir -p '/home/kaushal/Documents/dbis_project/CS349-temporal-index-join/install/lib/postgresql/pgxs/src/test/isolation'
/usr/bin/install -c  pg_isolation_regress '/home/kaushal/Documents/dbis_project/CS349-temporal-index-join/install/lib/postgresql/pgxs/src/test/isolation/pg_isolation_regress'
/usr/bin/install -c  isolationtester '/home/kaushal/Documents/dbis_project/CS349-temporal-index-join/install/lib/postgresql/pgxs/src/test/isolation/isolationtester'
gmake[2]: Leaving directory '/home/kaushal/Documents/dbis_project/CS349-temporal-index-join/src/test/isolation'
gmake -C test/perl install
gmake[2]: Entering directory '/home/kaushal/Documents/dbis_project/CS349-temporal-index-join/src/test/perl'
gmake[2]: Nothing to be done for 'install'.
gmake[2]: Leaving directory '/home/kaushal/Documents/dbis_project/CS349-temporal-index-join/src/test/perl'
/usr/bin/mkdir -p '/home/kaushal/Documents/dbis_project/CS349-temporal-index-join/install/lib/postgresql/pgxs/src'
/usr/bin/install -c -m 644 Makefile.global '/home/kaushal/Documents/dbis_project/CS349-temporal-index-join/install/lib/postgresql/pgxs/src/Makefile.global'
/usr/bin/install -c -m 644 Makefile.port '/home/kaushal/Documents/dbis_project/CS349-temporal-index-join/install/lib/postgresql/pgxs/src/Makefile.port'
/usr/bin/install -c -m 644 ./Makefile.shlib '/home/kaushal/Documents/dbis_project/CS349-temporal-index-join/install/lib/postgresql/pgxs/src/Makefile.shlib'
/usr/bin/install -c -m 644 ./nls-global.mk '/home/kaushal/Documents/dbis_project/CS349-temporal-index-join/install/lib/postgresql/pgxs/src/nls-global.mk'
gmake[1]: Leaving directory '/home/kaushal/Documents/dbis_project/CS349-temporal-index-join/src'
gmake -C config install
gmake[1]: Entering directory '/home/kaushal/Documents/dbis_project/CS349-temporal-index-join/config'
/usr/bin/mkdir -p '/home/kaushal/Documents/dbis_project/CS349-temporal-index-join/install/lib/postgresql/pgxs/config'
/usr/bin/install -c -m 755 ./install-sh '/home/kaushal/Documents/dbis_project/CS349-temporal-index-join/install/lib/postgresql/pgxs/config/install-sh'
/usr/bin/install -c -m 755 ./missing '/home/kaushal/Documents/dbis_project/CS349-temporal-index-join/install/lib/postgresql/pgxs/config/missing'
gmake[1]: Leaving directory '/home/kaushal/Documents/dbis_project/CS349-temporal-index-join/config'
